,AirportName,Number of Departures,Number of Connections,Year
0,WEBEQUIE,365,4,2018
1,BIG TROUT LAKE,863,6,2018
2,PICKLE LAKE,626,5,2018
3,MUSKRAT DAM,488,4,2018
4,KITCHENER,355,1,2018
5,BRANDON,497,1,2018
6,FOND DU LAC,21,3,2018
7,STONY RAPIDS,12,2,2018
8,POINTS NORTH LAND,11,2,2018
9,URANIUM CITY,6,1,2018
10,MAKKOVIK,624,2,2018
11,HOPEDALE,625,3,2018
12,CHARLO,319,4,2018
13,ST ANTHONY,716,5,2018
14,BONAVENTURE,1010,2,2018
15,ST HUBERT,1440,5,2018
16,STEPHENVILLE,170,6,2018
17,FORT CHIPEWYAN,419,2,2018
18,MASSET,256,1,2018
19,BELLA BELLA,665,3,2018
20,PORT HARDY,1257,2,2018
21,POWELL RIVER,1838,1,2018
22,BELLA COOLA,477,2,2018
23,FORT NORMAN,1409,2,2018
24,FORT FRANKLIN,835,2,2018
25,KASABONIKA,625,6,2018
26,FORT GOOD HOPE,836,5,2018
27,AKLAVIK,573,1,2018
28,GATINEAU,446,1,2018
29,NATASHQUAN,1309,5,2018
30,CHEVERY,1845,9,2018
31,NORMAN WELLS,1716,5,2018
32,GILLIES BAY,1170,2,2018
33,TOFINO,1290,2,2018
34,GRISE FIORD,104,1,2018
35,QUESNEL,672,2,2018
36,HIGH LEVEL,1032,4,2018
37,LLOYDMINSTER,361,2,2018
38,DEASE LAKE,12,1,2018
39,TALOYAK,541,6,2018
40,PANGNIRTUNG,1084,5,2018
41,BROUGHTON ISLAND,435,4,2018
42,HALL BEACH,720,5,2018
43,FORT SMITH,1307,6,2018
44,RESOLUTE,499,4,2018
45,HAY RIVER,1203,5,2018
46,GJOA HAVEN,545,8,2018
47,FORT SIMPSON,624,2,2018
48,IQALUIT,4110,22,2018
49,CLYDE RIVER,384,5,2018
50,COPPERMINE,675,5,2018
51,PEAWANUCK,104,1,2018
52,CHIBOUGAMAU,567,3,2018
53,ATTAWAPISKAT,643,3,2018
54,WHALE COVE,730,2,2018
55,REPULSE BAY,630,4,2018
56,RANKIN INLET,2764,12,2018
57,REGINA,8806,18,2008
58,BAKER LAKE,678,2,2018
59,DAWSON CITY,902,4,2018
60,RANKIN INLET,2722,17,2017
61,WATSON LAKE,85,1,2018
62,INUVIK,3411,13,2018
63,NORTH BAY,2544,5,2004
64,CORAL HARBOUR,631,3,2018
65,"ROUND LAKE, OT",649,9,2007
66,SALLUIT,784,5,2018
67,CAPE DORSET,553,5,2018
68,BROCHET,365,2,2003
69,CHIBOUGAMAU,558,2,2016
70,SCHEFFERVILLE,1091,4,2018
71,KANGIRSUK,1038,3,2018
72,IVUJIVIK,722,2,2018
73,KANGIQSUALUJJUAQ,626,2,2018
74,SHAMATTAWA,661,6,2018
75,SANDY LAKE,2371,14,2018
76,"ROUND LAKE, OT",1133,12,2018
77,SACHIGO LAKE,1108,13,2018
78,YORK LANDING,261,2,2018
79,PIKANGIKUM,1808,13,2018
80,AKULIVIK,732,2,2012
81,NORWAY HOUSE,1050,4,2018
82,LA GRANDE,894,4,2009
83,PANGNIRTUNG,1242,4,2006
84,ISLAND LAKE/GARDEN HILL,1432,6,2018
85,CAT LAKE,477,6,2018
86,EDMONTON INTL,48439,98,2014
87,SOUTH INDIAN LAKE,313,2,2018
88,LAC BROCHET,626,6,2018
89,SARNIA,1375,1,2018
90,SEPT ILES,6832,22,2018
91,SANDSPIT,458,1,2018
92,ST JOHN'S,12818,33,2018
93,MASSET,346,1,2011
94,SMITHERS,1117,3,2018
95,TALOYAK,545,8,2015
96,GODS RIVER,628,2,2004
97,GOOSE BAY,4705,17,2018
98,TERRACE,2442,6,2018
99,BIG TROUT LAKE,693,5,2014
100,VAL D'OR,3073,10,2018
101,ROUYN,2912,9,2018
102,COMOX,4610,9,2018
103,TOFINO,151,1,2007
104,KAMLOOPS,4057,8,2009
105,BERENS RIVER,303,3,2018
106,GRANDE PRAIRIE,4386,4,2018
107,MONCTON,7885,20,2018
108,FORT MCMURRAY,6425,8,2018
109,KAMLOOPS,4431,9,2018
110,WILLIAMS LAKE,1836,2,2006
111,KINGSTON,1674,1,2018
112,MARY'S HARBOUR,219,4,2005
113,GASPE,1458,2,2018
114,WASKAGANISH,1292,5,2008
115,DEER LAKE,5317,14,2018
116,CASTLEGAR,1347,2,2018
117,SAULT STE-MARIE,4315,4,2018
118,SOUTH INDIAN LAKE,40,1,2015
119,OTTAWA INTL,40076,78,2018
120,PIERRE ELLIOTT TRUDEAU INTL,103979,266,2018
121,JEAN LESAGE INTL,18709,51,2018
122,LANDSDOWNE HOUSE,257,4,2017
123,FORT SEVERN,314,2,2017
124,LA RONGE,179,4,2017
125,FORT NELSON,886,3,2005
126,LONDON,6079,7,2006
127,ST JOHN,3887,5,2008
128,HALIFAX,33543,83,2011
129,STONY RAPIDS,112,4,2017
130,EASTMAIN,720,2,2012
131,POINTS NORTH LAND,48,3,2017
132,MEDICINE HAT,1906,2,2018
133,CLYDE RIVER,568,3,2006
134,KUUJJUAQ,2694,9,2008
135,OTTAWA INTL,46265,101,2012
136,URANIUM CITY,24,1,2017
137,CHARLO,347,3,2017
138,STEPHENVILLE,218,3,2017
139,BELLA COOLA,445,2,2017
140,FORT NORMAN,1433,2,2017
141,FORT FRANKLIN,1035,3,2017
142,MUSKRAT DAM,595,4,2016
143,MAKKOVIK,955,5,2017
144,LAC BROCHET,365,2,2003
145,WOLLASTON LAKE,804,4,2005
146,VANCOUVER INTL,107733,178,2013
147,EDMONTON INTL,43064,117,2016
148,ST ANTHONY,761,8,2017
149,HALL BEACH,311,3,2006
150,SANDY LAKE,562,6,2007
151,CAT LAKE,540,2,2010
152,GILLIES BAY,1443,3,2017
153,TASIUJUAQ,878,2,2008
154,WILLIAMS LAKE,1784,3,2017
155,BROUGHTON ISLAND,376,4,2017
156,MUSKRAT DAM,557,6,2007
157,HALL BEACH,686,4,2017
158,GJOA HAVEN,545,7,2017
159,NANAIMO ARPT,4629,5,2018
160,IGLOOLIK,774,9,2017
161,FORT SIMPSON,622,2,2017
162,DAWSON CITY,496,3,2010
163,IQALUIT,3719,20,2017
164,CLYDE RIVER,344,4,2017
165,GJOA HAVEN,730,9,2015
166,COPPERMINE,677,5,2017
167,CAMBRIDGE BAY,830,7,2017
168,EASTMAIN,477,2,2017
169,SIOUX LOOKOUT,2665,8,2006
170,CHIBOUGAMAU,481,3,2017
171,WASKAGANISH,1040,4,2017
172,TUKTOYAKTUK,941,1,2016
173,MIRABEL,1287,4,2017
174,TOFINO,1294,1,2017
175,PEAWANUCK,103,1,2007
176,WHALE COVE,753,6,2017
177,FLIN FLON,615,2,2017
178,TIMMINS,4750,4,2008
179,ESKIMO POINT,660,5,2017
180,BAKER LAKE,705,4,2017
181,RED LAKE,3022,10,2017
182,KENORA,810,2,2017
183,DAWSON CREEK,264,5,2017
184,VANCOUVER INTL,105079,179,2010
185,DAWSON CITY,791,3,2017
186,KINGSTON,1633,1,2004
187,TUKTOYAKTUK,937,1,2017
188,PAULATUK,156,1,2017
189,SAULT STE-MARIE,5396,6,2011
190,INUVIK,3309,13,2017
191,SALLUIT,757,5,2017
192,UMIUJAQ,829,3,2017
193,OTTAWA INTL,32935,55,2003
194,AUPALUK,829,3,2017
195,KANGIRSUK,1037,3,2017
196,CHESTERFIELD INLE,935,5,2011
197,THOMPSON,1820,2,2011
198,IVUJIVIK,726,2,2017
199,REGINA,9657,34,2018
200,HALIFAX,31707,97,2013
201,BAGOTVILLE,1747,10,2018
202,KUUJJUARAPIK,1375,6,2017
203,MONT JOLI,1137,4,2010
204,"ROUND LAKE, OT",1146,9,2017
205,LITTLE GRAND RAPIDS,30,1,2017
206,ILES DE LA MADELE,1601,6,2018
207,YORK LANDING,260,1,2017
208,DEER LAKE,1097,12,2017
209,BAIE COMEAU,548,2,2004
210,CHESTERFIELD INLE,766,4,2017
211,THOMPSON,4116,11,2017
212,UMIUJAQ,724,3,2013
213,GODS NARROWS,1306,4,2017
214,COPPERMINE,805,5,2003
215,CROSS LAKE,933,2,2017
216,CROSS LAKE,1050,4,2018
217,BROCHET,326,2,2017
218,TADOULE LAKE,676,2,2017
219,LAC BROCHET,667,3,2017
220,LANDSDOWNE HOUSE,2025,4,2010
221,LLOYDMINSTER,678,1,2014
222,SARNIA,1372,1,2017
223,GOOSE BAY,5039,21,2017
224,INUVIK,2831,13,2006
225,VICTORIA,17586,25,2017
226,SANIKILUAQ,282,2,2011
227,CHARLOTTETOWN,3397,7,2017
228,PENTICTON,1603,2,2017
229,SMITHERS,1111,3,2017
230,TERRACE,2250,6,2017
231,PRINCE GEORGE,6439,14,2017
232,MEDICINE HAT,1421,1,2017
233,CRANBROOK,3339,6,2017
234,LESTER B. PEARSON,221899,416,2018
235,WINNIPEG JAMES ARMSTRONG RICHARDSON  INTL,33479,100,2017
236,VAL D'OR,2871,9,2017
237,ROUYN,2023,7,2017
238,MONT TREMBLANT,187,4,2017
239,WILLIAMS LAKE,1956,2,2005
240,SYDNEY,2546,5,2017
241,BERENS RIVER,329,2,2017
242,GRANDE PRAIRIE,3783,4,2017
243,ROUYN,1632,5,2007
244,COMOX,4937,9,2017
245,SUDBURY,8666,6,2008
246,BELLA COOLA,434,2,2007
247,MONCTON,7807,21,2017
248,WINDSOR,3322,13,2017
249,DIGBY ISLAND,65745,166,2017
250,FORT MCMURRAY,6766,10,2017
251,JEAN LESAGE INTL,18456,56,2015
252,KAMLOOPS,4225,8,2017
253,SUDBURY,6253,10,2013
254,NORTH BAY,2330,3,2006
255,HAMILTON,4737,31,2017
256,DEER LAKE,1211,15,2018
257,SARNIA,1251,1,2008
258,ILES DE LA MADELE,1465,4,2017
259,GASPE,1456,2,2017
260,KINGSTON,1773,1,2017
261,PENTICTON,2442,4,2004
262,FREDERICTON,4975,11,2017
263,LA RONGE,3508,7,2004
264,CASTLEGAR,1330,2,2017
265,NANAIMO ARPT,3785,4,2017
266,VANCOUVER INTL,124494,228,2017
267,PIERRE ELLIOTT TRUDEAU INTL,100972,252,2017
268,OTTAWA INTL,38375,88,2017
269,LA GRANDE,837,3,2018
270,EDMONTON INTL,43941,92,2017
271,FORT SMITH,1303,4,2017
272,WEBEQUIE,563,6,2016
273,BIG TROUT LAKE,867,7,2016
274,PICKLE LAKE,562,5,2016
275,HIGH LEVEL,511,4,2004
276,CAT LAKE,304,5,2016
277,BRANDON,509,3,2016
278,BAKER LAKE,553,2,2004
279,KUUJJUAQ,2917,12,2017
280,STEPHENVILLE,1211,7,2004
281,DRYDEN,2048,4,2007
282,CHURCHILL FALLS,568,3,2016
283,STEPHENVILLE,292,3,2016
284,LA RONGE,40,4,2018
285,FORT SMITH,1305,4,2016
286,FORT CHIPEWYAN,314,2,2016
287,BELLA BELLA,720,3,2016
288,BELLA COOLA,387,2,2016
289,KASABONIKA,362,5,2016
290,FORT GOOD HOPE,887,4,2016
291,CHEVERY,1650,5,2016
292,TASIUJUAQ,829,2,2017
293,HOPEDALE,1244,4,2016
294,ABBOTSFORD,2432,4,2014
295,ST ANTHONY,948,7,2016
296,BATHURST,757,1,2016
297,SANDSPIT,453,1,2016
298,GOOSE BAY,4731,19,2016
299,CASTLEGAR,1354,2,2016
300,NANAIMO ARPT,3787,6,2016
301,VICTORIA,15759,17,2012
302,BRANDON,445,1,2017
303,FORT NELSON,533,4,2016
304,SMITHERS,1135,5,2016
305,IVUJIVIK,728,2,2010
306,FORT ST JOHN,2874,10,2016
307,WILLIAMS LAKE,1774,3,2016
308,COMOX,5717,10,2016
309,FORT MCMURRAY,2652,5,2005
310,LA GRANDE,777,3,2017
311,LLOYDMINSTER,392,1,2016
312,MEDICINE HAT,1475,1,2016
313,CRANBROOK,3473,4,2016
314,KINGSTON,2157,2,2016
315,TALOYAK,514,7,2016
316,NORMAN WELLS,1824,9,2016
317,RESOLUTE,376,2,2016
318,QUESNEL,899,2,2011
319,LAKE HARBOUR,207,1,2016
320,FORT SIMPSON,641,2,2016
321,IQALUIT,3824,21,2016
322,BAGOTVILLE,1244,1,2003
323,CLYDE RIVER,463,4,2016
324,PIERRE ELLIOTT TRUDEAU INTL,89965,215,2011
325,COPPERMINE,713,6,2016
326,KUGAARUK,417,7,2016
327,FORT ALBANY,622,2,2009
328,WINDSOR,3452,16,2018
329,MUSKRAT DAM,722,3,2010
330,WEMINDJI,624,2,2016
331,PRINCE GEORGE,4457,9,2012
332,MOOSONEE,1249,3,2016
333,CAMPBELL RIVER,3658,6,2009
334,WASKAGANISH,1276,6,2016
335,FORT ALBANY,662,2,2016
336,LAC BROCHET,53,2,2009
337,TOFINO,1065,1,2016
338,WHALE COVE,535,2,2016
339,EASTMAIN,723,2,2013
340,REPULSE BAY,583,6,2016
341,THE PAS,717,3,2016
342,ESKIMO POINT,770,2,2016
343,THOMPSON,4639,13,2016
344,CHESTERFIELD INLE,586,2,2016
345,MONT TREMBLANT,187,3,2013
346,GRISE FIORD,104,1,2017
347,BAKER LAKE,810,2,2016
348,NORTH BAY,2283,6,2016
349,SUDBURY,4919,7,2016
350,KENORA,797,2,2016
351,WINDSOR,3223,7,2013
352,DRYDEN,1160,5,2016
353,FORT FRANCES,1113,4,2016
354,HAY RIVER,1497,4,2016
355,YELLOWKNIFE,9035,35,2016
356,FORT SMITH,928,2,2004
357,OLD CROW,308,2,2016
358,SACHS HARBOUR,156,2,2016
359,HOLMAN,294,3,2016
360,INUVIK,3234,13,2016
361,WABUSH,2459,15,2016
362,TASIUJUAQ,834,2,2016
363,CAPE DORSET,677,5,2016
364,ESKIMO POINT,621,2,2018
365,SANIKILUAQ,440,3,2016
366,IVUJIVIK,722,2,2016
367,WEBEQUIE,692,5,2013
368,PAULATUK,156,1,2018
369,LA GRANDE,781,3,2016
370,KANGIQSUALUJJUAQ,683,2,2016
371,AKULIVIK,722,2,2016
372,SHAMATTAWA,680,3,2016
373,"ROUND LAKE, OT",397,6,2016
374,LANDSDOWNE HOUSE,736,3,2012
375,NORWAY HOUSE,150,2,2009
376,SACHIGO LAKE,490,7,2016
377,YORK LANDING,261,1,2016
378,RED SUCKER LAKE,706,4,2016
379,PIKANGIKUM,1188,9,2016
380,HALL BEACH,432,5,2008
381,NORWAY HOUSE,1255,2,2016
382,BROUGHTON ISLAND,517,3,2012
383,GODS NARROWS,1305,4,2016
384,SOUTH INDIAN LAKE,313,1,2016
385,SAULT STE-MARIE,4425,6,2017
386,FORT NELSON,1045,4,2013
387,LAC BROCHET,615,2,2016
388,FORT ALBANY,620,2,2007
389,ST JOHN'S,11912,42,2016
390,HALL BEACH,689,5,2013
391,VICTORIA,18631,31,2016
392,FORT ALBANY,618,2,2010
393,WINDSOR,3581,16,2016
394,SACHIGO LAKE,327,3,2015
395,ST JOHN,2423,7,2016
396,GANDER INTL,1895,13,2016
397,JEAN LESAGE INTL,17073,56,2016
398,FORT MCMURRAY,7063,15,2016
399,HALIFAX,27875,98,2016
400,IQALUIT,3203,18,2004
401,LESTER B. PEARSON,211148,534,2016
402,CHIBOUGAMAU,760,3,2007
403,KITCHENER,889,6,2016
404,PIERRE ELLIOTT TRUDEAU INTL,96213,331,2016
405,BONAVENTURE,1126,2,2017
406,QUAQTAQ,648,4,2004
407,FORT HOPE,338,3,2015
408,SANDY LAKE,1098,7,2008
409,CAT LAKE,313,3,2015
410,HIGH LEVEL,538,2,2003
411,HALL BEACH,688,6,2011
412,BRANDON,367,1,2015
413,CHARLO,306,2,2015
414,BAGOTVILLE,1034,1,2006
415,ST ANTHONY,728,4,2015
416,GATINEAU,60,2,2015
417,ST HUBERT,1593,7,2015
418,BELLA BELLA,982,4,2015
419,NORWAY HOUSE,1126,2,2017
420,POWELL RIVER,1426,1,2015
421,BELLA COOLA,392,2,2015
422,KASABONIKA,615,3,2015
423,SACHS HARBOUR,131,1,2009
424,MONCTON,6878,16,2011
425,FORT GOOD HOPE,1134,4,2015
426,PEAWANUCK,103,1,2012
427,BROUGHTON ISLAND,494,3,2014
428,HOPEDALE,1089,4,2015
429,PORT HARDY,1522,3,2015
430,GRISE FIORD,105,1,2015
431,SANDSPIT,388,1,2015
432,WEMINDJI,563,3,2017
433,MONT JOLI,2233,7,2015
434,GOOSE BAY,3847,16,2015
435,ROUYN,1534,6,2015
436,EDMONTON INTL,48644,102,2018
437,IGLOOLIK,900,7,2015
438,HOLMAN,311,3,2014
439,LONDON,5231,19,2016
440,FORT SIMPSON,773,3,2006
441,GANDER INTL,1602,13,2015
442,SEPT ILES,5296,18,2005
443,BERENS RIVER,81,2,2015
444,GRANDE PRAIRIE,4671,5,2015
445,BAIE COMEAU,1134,7,2015
446,GILLAM,620,2,2017
447,NORTH BAY,3307,6,2012
448,SMITHERS,1340,6,2015
449,CRANBROOK,2881,3,2004
450,PAULATUK,157,1,2016
451,FLIN FLON,1542,5,2009
452,FORT ST JOHN,3233,6,2015
453,SIOUX LOOKOUT,7818,22,2013
454,WILLIAMS LAKE,1888,3,2015
455,HOLMAN,261,3,2018
456,QUESNEL,902,2,2015
457,HIGH LEVEL,1124,4,2015
458,LLOYDMINSTER,537,1,2015
459,KAMLOOPS,4320,9,2015
460,DAWSON CREEK,425,2,2015
461,SARNIA,1194,2,2015
462,TOFINO,875,1,2015
463,REGINA,10743,41,2012
464,GODS RIVER,971,6,2017
465,CRANBROOK,3492,4,2015
466,LETHBRIDGE,2099,1,2015
467,KINGSTON,2546,2,2015
468,BROUGHTON ISLAND,378,5,2015
469,HALL BEACH,736,5,2015
470,MONT TREMBLANT,215,4,2008
471,CRANBROOK,1717,2,2007
472,RESOLUTE,371,2,2015
473,TOFINO,1217,4,2004
474,TALOYAK,524,6,2017
475,LAKE HARBOUR,207,1,2015
476,IQALUIT,4009,21,2015
477,EASTMAIN,666,2,2015
478,WEMINDJI,666,2,2015
479,CHIBOUGAMAU,564,3,2015
480,WASKAGANISH,1343,6,2015
481,MOOSONEE,934,2,2012
482,ABBOTSFORD,2726,5,2015
483,CAT LAKE,574,2,2013
484,MIRABEL,639,3,2015
485,DAWSON CITY,626,3,2006
486,REPULSE BAY,400,7,2015
487,CAT LAKE,573,2,2011
488,RANKIN INLET,2675,17,2015
489,GILLAM,625,2,2015
490,FORT SEVERN,313,2,2009
491,FLIN FLON,935,3,2015
492,BAKER LAKE,610,4,2015
493,SUDBURY,5460,7,2017
494,KITCHENER,2206,5,2013
495,KENORA,799,3,2015
496,PIERRE ELLIOTT TRUDEAU INTL,94307,242,2012
497,DRYDEN,1073,5,2015
498,SAULT STE-MARIE,4431,4,2015
499,CROSS LAKE,913,2,2016
500,SIOUX LOOKOUT,9488,43,2017
501,YELLOWKNIFE,9433,35,2015
502,DAWSON CITY,441,3,2015
503,WHITEHORSE,2035,7,2007
504,TUKTOYAKTUK,939,1,2015
505,CALGARY INTL,88445,201,2016
506,INUVIK,3539,14,2015
507,SEPT ILES,5880,19,2015
508,WABUSH,3197,14,2015
509,KELOWNA,12015,24,2014
510,QUAQTAQ,728,2,2015
511,UMIUJAQ,827,3,2016
512,SANIKILUAQ,430,3,2015
513,FLIN FLON,621,2,2018
514,CAMBRIDGE BAY,1030,9,2006
515,IVUJIVIK,726,2,2015
516,SCHEFFERVILLE,1262,6,2015
517,KANGIRSUK,1040,3,2015
518,NAIN,1089,5,2015
519,NANISIVIK,103,1,2004
520,KUUJJUARAPIK,1367,6,2015
521,IGLOOLIK,912,10,2012
522,KANGIQSUALUJJUAQ,666,2,2015
523,AKULIVIK,726,2,2015
524,GODS RIVER,111,6,2015
525,CHESTERFIELD INLE,560,6,2015
526,THOMPSON,1947,13,2015
527,PIKANGIKUM,745,8,2015
528,NORWAY HOUSE,160,2,2015
529,AUPALUK,829,3,2014
530,GODS NARROWS,173,4,2015
531,CROSS LAKE,120,2,2015
532,TADOULE LAKE,60,1,2015
533,LAC BROCHET,66,1,2015
534,WINDSOR,2272,1,2008
535,STEPHENVILLE,311,2,2012
536,ST JOHN'S,10914,38,2015
537,WHITEHORSE,1791,9,2015
538,UMIUJAQ,826,3,2018
539,SASKATOON,11230,52,2016
540,BELLA COOLA,462,2,2005
541,WINNIPEG JAMES ARMSTRONG RICHARDSON  INTL,27882,100,2015
542,SYDNEY,2408,7,2015
543,HALIFAX,26613,89,2015
544,DEER LAKE,4078,11,2015
545,LESTER B. PEARSON,205615,479,2015
546,CALGARY INTL,91757,166,2015
547,VANCOUVER INTL,117841,205,2015
548,PIERRE ELLIOTT TRUDEAU INTL,92716,284,2015
549,PORT MENIER,414,2,2014
550,"ROUND LAKE, OT",567,4,2014
551,THUNDER BAY,10679,12,2006
552,SACHIGO LAKE,476,2,2014
553,WEBEQUIE,580,5,2014
554,YELLOWKNIFE,8917,34,2017
555,ESKIMO POINT,627,4,2015
556,DEER LAKE,561,4,2014
557,SCHEFFERVILLE,594,6,2004
558,CAT LAKE,378,6,2017
559,HALL BEACH,206,2,2003
560,LANDSDOWNE HOUSE,561,4,2014
561,CAT LAKE,476,3,2014
562,FORT GOOD HOPE,1096,3,2014
563,KASABONIKA,510,6,2014
564,BRANDON,365,1,2014
565,ST JOHN'S,11116,29,2004
566,MONT TREMBLANT,184,4,2018
567,ROUYN,1490,3,2010
568,PRINCE ALBERT,12,1,2014
569,CHURCHILL FALLS,468,2,2014
570,ALMA,232,2,2014
571,ST HUBERT,1942,5,2014
572,WINDSOR,2340,4,2010
573,STEPHENVILLE,289,3,2014
574,NEMISCAU,270,2,2018
575,CHESTERFIELD INLE,1451,4,2013
576,THOMPSON,1699,3,2013
577,KAPUSKASING,293,1,2016
578,NATASHQUAN,1257,6,2014
579,MARY'S HARBOUR,22,2,2014
580,ST ANTHONY,741,4,2014
581,PORT HARDY,1565,3,2014
582,BATHURST,971,2,2014
583,GOOSE BAY,4241,16,2014
584,DRYDEN,1173,5,2018
585,PENTICTON,1225,2,2014
586,MONT TREMBLANT,200,4,2014
587,GASPE,1460,2,2014
588,CASTLEGAR,1348,2,2014
589,BAIE COMEAU,1696,6,2014
590,GRANDE PRAIRIE,2577,7,2004
591,OXFORD HOUSE,1224,8,2018
592,NANAIMO ARPT,3625,3,2014
593,SMITHERS,1488,5,2014
594,CLYDE RIVER,533,2,2005
595,TERRACE,3806,6,2014
596,FORT SMITH,1277,4,2015
597,FORT ST JOHN,3532,6,2014
598,WILLIAMS LAKE,2061,3,2014
599,IGLOOLIK,819,8,2018
600,QUESNEL,973,2,2014
601,CHIBOUGAMAU,514,2,2011
602,COMOX,5510,7,2014
603,RAINBOW LAKE,292,2,2014
604,HIGH LEVEL,804,4,2014
605,ST JOHN,2602,6,2014
606,ILES DE LA MADELE,1425,4,2016
607,LETHBRIDGE,2082,1,2014
608,FREDERICTON,3181,5,2014
609,KENORA,1370,3,2006
610,AKLAVIK,544,1,2016
611,MOOSONEE,1128,3,2007
612,TALOYAK,566,6,2014
613,PANGNIRTUNG,1249,5,2014
614,POVUNGNITUK,53715,126,2011
615,SMITHERS,1204,5,2007
616,WINNIPEG JAMES ARMSTRONG RICHARDSON  INTL,31819,114,2016
617,REGINA,9744,38,2017
618,BAGOTVILLE,1656,10,2017
619,RESOLUTE,363,2,2014
620,GJOA HAVEN,773,7,2014
621,CLYDE RIVER,1003,6,2014
622,COPPERMINE,1086,5,2014
623,GOOSE BAY,3977,15,2004
624,EASTMAIN,722,2,2014
625,SANDY LAKE,773,5,2014
626,PEAWANUCK,103,1,2014
627,GRISE FIORD,105,1,2016
628,NEMISCAU,516,2,2014
629,SACHIGO LAKE,931,9,2017
630,ILES DE LA MADELE,1080,4,2009
631,MOOSONEE,1025,3,2014
632,FORT ST JOHN,2374,11,2004
633,SYDNEY,2450,4,2018
634,ATTAWAPISKAT,412,2,2014
635,WHALE COVE,1020,5,2014
636,REPULSE BAY,551,8,2014
637,CHESTERFIELD INLE,1450,6,2014
638,THOMPSON,1496,4,2014
639,IQALUIT,4367,24,2014
640,FORT FRANKLIN,1157,3,2016
641,KITCHENER,564,1,2004
642,RANKIN INLET,3959,23,2014
643,GILLAM,602,2,2014
644,ROBERVAL,215,2,2014
645,BAKER LAKE,1263,6,2014
646,LONDON,5550,14,2014
647,MONCTON,5747,19,2014
648,KINGSTON,2536,3,2014
649,KAPUSKASING,459,2,2014
650,SUDBURY,5242,10,2014
651,RED LAKE,3576,9,2014
652,KENORA,1019,4,2014
653,KITCHENER,1273,6,2014
654,FORT SIMPSON,662,3,2010
655,DRYDEN,1364,5,2014
656,FLIN FLON,995,4,2014
657,FORT FRANCES,1086,3,2014
658,HAY RIVER,1328,6,2014
659,PAULATUK,157,1,2014
660,SEPT ILES,7760,28,2014
661,SALLUIT,732,3,2014
662,KANGIKSUJUAQ,726,2,2014
663,UMIUJAQ,726,3,2014
664,TASIUJUAQ,829,2,2014
665,FORT ST JOHN,2751,7,2017
666,CAPE DORSET,932,7,2014
667,LESTER B. PEARSON,217743,414,2017
668,SANIKILUAQ,430,3,2014
669,KANGIRSUK,1037,3,2014
670,IVUJIVIK,726,2,2014
671,SOUTH INDIAN LAKE,313,1,2017
672,LA GRANDE,688,3,2014
673,VANCOUVER INTL,130560,228,2018
674,HOLMAN,312,3,2012
675,WASKAGANISH,1289,5,2007
676,VICTORIA,15859,22,2014
677,SASKATOON,12336,41,2014
678,SYDNEY,2290,5,2014
679,BAGOTVILLE,1827,9,2014
680,REGINA,12290,42,2014
681,JEAN LESAGE INTL,20282,62,2014
682,CALGARY INTL,96146,165,2018
683,FORT FRANCES,1314,2,2005
684,DEER LAKE,4184,7,2014
685,"ROUND LAKE, OT",743,3,2013
686,DEER LAKE,521,3,2013
687,CORAL HARBOUR,576,4,2008
688,CAMBRIDGE BAY,756,7,2016
689,BELLA COOLA,344,2,2009
690,PIKANGIKUM,1028,6,2013
691,FORT SEVERN,307,4,2013
692,FORT GOOD HOPE,691,4,2013
693,KASABONIKA,654,5,2013
694,BRANDON,120,1,2013
695,OTTAWA INTL,37736,115,2016
696,PRINCE ALBERT,15,1,2013
697,CHURCHILL FALLS,331,2,2013
698,ST HUBERT,2505,4,2013
699,ST JOHN,3720,8,2005
700,ABBOTSFORD,2525,4,2013
701,FORT SMITH,1305,4,2013
702,PEAWANUCK,103,1,2017
703,MUSKRAT DAM,104,1,2006
704,SANDY LAKE,2440,16,2017
705,SANDSPIT,431,1,2006
706,KAPUSKASING,305,1,2015
707,CORAL HARBOUR,665,5,2017
708,FORT CHIPEWYAN,391,3,2013
709,KUUJJUARAPIK,1254,10,2004
710,MASSET,356,1,2013
711,POWELL RIVER,1456,1,2013
712,FORT NORMAN,1160,4,2013
713,FORT FRANKLIN,739,4,2013
714,AKLAVIK,476,1,2013
715,NATASHQUAN,1032,6,2013
716,MARY'S HARBOUR,218,2,2013
717,ILES DE LA MADELE,1469,4,2015
718,NATASHQUAN,932,4,2011
719,HOPEDALE,610,2,2013
720,PORT HARDY,1550,3,2013
721,GILLAM,312,1,2005
722,BROUGHTON ISLAND,576,3,2007
723,BAIE COMEAU,1135,4,2016
724,FORT ALBANY,622,2,2008
725,SANDSPIT,412,1,2013
726,VANCOUVER INTL,116628,197,2007
727,GOOSE BAY,3778,11,2013
728,MUSKRAT DAM,404,4,2015
729,PENTICTON,1123,1,2013
730,LONDON,5229,11,2013
731,ILES DE LA MADELE,1435,4,2013
732,SALLUIT,734,5,2016
733,PORT MENIER,126,4,2017
734,GASPE,1460,2,2013
735,CASTLEGAR,1364,2,2013
736,MIRABEL,523,3,2014
737,BAIE COMEAU,1879,6,2013
738,FORT NELSON,618,2,2015
739,SMITHERS,1512,6,2013
740,PORT HARDY,1184,2,2006
741,WILLIAMS LAKE,2213,3,2013
742,COMOX,5240,7,2013
743,HIGH LEVEL,546,2,2013
744,KAMLOOPS,3683,7,2013
745,SARNIA,1210,1,2013
746,MONT JOLI,2566,8,2014
747,FORT SIMPSON,775,3,2003
748,CRANBROOK,3015,5,2013
749,EASTMAIN,676,2,2011
750,LETHBRIDGE,2081,1,2013
751,KINGSTON,2428,2,2013
752,RESOLUTE,357,3,2013
753,GJOA HAVEN,829,7,2013
754,IGLOOLIK,931,9,2013
755,RED LAKE,2023,4,2006
756,ABBOTSFORD,2580,7,2016
757,FORT SIMPSON,623,2,2013
758,FORT GOOD HOPE,835,5,2007
759,KASABONIKA,826,9,2007
760,COPPERMINE,1194,5,2013
761,KUGAARUK,513,8,2013
762,NEMISCAU,520,2,2016
763,VAL D'OR,2250,7,2013
764,NEMISCAU,517,2,2013
765,WEMINDJI,723,2,2013
766,DEER LAKE,1184,4,2003
767,FORT ALBANY,620,2,2013
768,MIRABEL,317,2,2013
769,COLD LAKE,117,2,2010
770,RED SUCKER LAKE,756,4,2017
771,BAGOTVILLE,1580,10,2016
772,PEACE RIVER,140,1,2008
773,REGINA,9823,56,2016
774,REPULSE BAY,589,6,2013
775,FORT SMITH,836,2,2005
776,POWELL RIVER,1435,1,2010
777,KELOWNA,12626,36,2015
778,MIRABEL,260,1,2011
779,RANKIN INLET,3867,18,2013
780,POWELL RIVER,1423,1,2007
781,KELOWNA,10157,15,2008
782,IQALUIT,4345,23,2013
783,POND INLET,783,6,2017
784,KUGAARUK,471,8,2014
785,ESKIMO POINT,952,5,2013
786,HAMILTON,5141,25,2008
787,INUKJUAK,993,3,2012
788,MONCTON,6478,18,2013
789,BATHURST,664,1,2017
790,KAPUSKASING,1021,3,2013
791,TIMMINS,5370,5,2013
792,RED LAKE,4005,9,2013
793,KELOWNA,17830,34,2018
794,FORT MCMURRAY,8475,13,2015
795,THE PAS,1540,4,2013
796,DRYDEN,1715,4,2013
797,FLIN FLON,1310,5,2013
798,PIERRE ELLIOTT TRUDEAU INTL,81937,187,2009
799,GANDER INTL,3401,13,2017
800,HAMILTON,2827,25,2015
801,SAULT STE-MARIE,5251,8,2013
802,FORT FRANCES,1112,2,2013
803,HAY RIVER,1493,4,2013
804,INUKJUAK,1086,3,2015
805,OLD CROW,9,1,2013
806,ST ANTHONY,1290,6,2010
807,DAWSON CITY,18,2,2013
808,COMOX,5928,7,2007
809,TUKTOYAKTUK,939,1,2013
810,FORT FRANCES,1232,2,2006
811,ST JOHN,3912,5,2018
812,SACHS HARBOUR,157,2,2013
813,PORT MENIER,470,1,2013
814,CRANBROOK,2771,5,2010
815,MONT TREMBLANT,203,3,2015
816,PAULATUK,157,1,2013
817,INUVIK,3005,12,2013
818,SEPT ILES,7256,23,2013
819,WABUSH,5709,19,2013
820,SASKATOON,8207,18,2007
821,CHARLOTTETOWN,2552,11,2014
822,ISLAND LAKE/GARDEN HILL,1399,3,2017
823,KUUJJUAQ,2778,11,2013
824,SOUTH INDIAN LAKE,678,3,2003
825,OXFORD HOUSE,172,3,2015
826,CAPE DORSET,882,4,2013
827,INUKJUAK,1021,3,2013
828,KANGIRSUK,1035,3,2013
829,LYNN LAKE,300,2,2007
830,KUUJJUARAPIK,1226,7,2013
831,HAVRE ST-PIERRE,538,3,2014
832,ABBOTSFORD,2876,3,2007
833,LA GRANDE,737,3,2013
834,WEMINDJI,722,2,2014
835,AKULIVIK,724,2,2013
836,HAY RIVER,923,4,2005
837,SANDY LAKE,1473,8,2009
838,KANGIQSUALUJJUAQ,667,2,2017
839,VICTORIA,15155,22,2013
840,COMOX,6120,9,2015
841,WHITEHORSE,1905,8,2013
842,NAIN,890,3,2018
843,WINNIPEG JAMES ARMSTRONG RICHARDSON  INTL,28284,77,2013
844,GANDER INTL,843,5,2013
845,PRINCE GEORGE,5390,12,2014
846,JEAN LESAGE INTL,20359,59,2013
847,OXFORD HOUSE,327,3,2005
848,SASKATOON,11495,49,2015
849,CLYDE RIVER,556,3,2007
850,OTTAWA INTL,42150,102,2013
851,HAVRE ST-PIERRE,170,1,2015
852,FORT MCMURRAY,7376,14,2013
853,DEER LAKE,4110,7,2013
854,CALGARY INTL,83283,142,2013
855,"ROUND LAKE, OT",784,3,2012
856,SACHIGO LAKE,574,2,2012
857,DEER LAKE,523,2,2012
858,TERRACE,1992,4,2003
859,NORTH BAY,1924,3,2018
860,NATASHQUAN,944,9,2017
861,QUESNEL,853,2,2016
862,LLOYDMINSTER,504,1,2011
863,PICKLE LAKE,446,2,2012
864,GERALDTON,314,2,2012
865,HAVRE ST-PIERRE,756,3,2007
866,FORT HOPE,801,3,2012
867,CROSS LAKE,887,1,2007
868,MUSKRAT DAM,762,3,2012
869,ST JOHN,4040,7,2004
870,ABBOTSFORD,2406,3,2012
871,SHAMATTAWA,302,3,2009
872,SARNIA,1269,1,2012
873,PIKANGIKUM,1613,10,2017
874,MEDICINE HAT,1304,1,2012
875,RAINBOW LAKE,300,2,2013
876,BONAVENTURE,862,6,2012
877,FORT SIMPSON,621,3,2015
878,ST HUBERT,1917,5,2012
879,HAVRE ST-PIERRE,382,3,2012
880,MONT TREMBLANT,251,4,2012
881,FORT SMITH,1256,4,2012
882,BELLA BELLA,845,3,2012
883,POWELL RIVER,1473,1,2012
884,TIMMINS,4560,4,2006
885,BELLA COOLA,453,2,2012
886,FORT NORMAN,920,3,2012
887,FORT FRANKLIN,590,4,2012
888,IVUJIVIK,743,3,2006
889,FORT SEVERN,313,2,2010
890,DEASE LAKE,63,1,2012
891,GILLAM,614,2,2018
892,NATASHQUAN,1043,4,2012
893,SACHS HARBOUR,156,1,2011
894,MARY'S HARBOUR,249,2,2012
895,YELLOWKNIFE,9258,34,2018
896,SIOUX LOOKOUT,9752,49,2018
897,BROCHET,344,2,2016
898,PICKLE LAKE,412,7,2004
899,ILES DE LA MADELE,1820,4,2014
900,CHEVERY,1680,6,2012
901,PORT HARDY,1404,3,2012
902,HOPEDALE,955,5,2017
903,CORAL HARBOUR,817,6,2014
904,FORT ALBANY,616,2,2011
905,BATHURST,679,1,2012
906,PENTICTON,1039,1,2012
907,LONDON,5480,10,2012
908,SYDNEY,2151,5,2012
909,WINDSOR,3065,5,2012
910,LYNN LAKE,223,2,2004
911,FORT SMITH,1326,4,2014
912,KINGSTON,2263,2,2012
913,AKLAVIK,434,1,2007
914,ILES DE LA MADELE,1427,4,2012
915,GASPE,1464,2,2012
916,STEPHENVILLE,254,3,2015
917,FREDERICTON,3928,6,2012
918,CASTLEGAR,1290,2,2012
919,GODS NARROWS,1898,6,2007
920,BAIE COMEAU,898,6,2012
921,FORT NELSON,1101,4,2012
922,SMITHERS,1431,5,2012
923,GODS RIVER,889,6,2016
924,FORT ST JOHN,3008,4,2012
925,WILLIAMS LAKE,2214,3,2012
926,QUESNEL,905,2,2012
927,COMOX,5247,7,2012
928,HIGH LEVEL,552,2,2012
929,TUKTOYAKTUK,895,1,2006
930,LANDSDOWNE HOUSE,2338,6,2008
931,LLOYDMINSTER,632,1,2012
932,KAMLOOPS,3587,6,2012
933,DAWSON CREEK,666,3,2012
934,TALOYAK,621,8,2012
935,BATHURST,998,3,2015
936,HALL BEACH,738,7,2012
937,SANDY LAKE,1015,5,2013
938,SASKATOON,10430,31,2009
939,PEAWANUCK,104,1,2013
940,NEMISCAU,518,2,2015
941,GJOA HAVEN,878,7,2012
942,LAC BROCHET,678,4,2007
943,KAMLOOPS,4377,12,2016
944,CAPE DORSET,919,7,2015
945,WINNIPEG JAMES ARMSTRONG RICHARDSON  INTL,32532,74,2005
946,FORT SIMPSON,630,3,2012
947,BAKER LAKE,1346,4,2013
948,DAWSON CREEK,619,3,2014
949,FORT GOOD HOPE,832,5,2006
950,KASABONIKA,208,2,2006
951,COPPERMINE,1243,6,2012
952,KUGAARUK,529,8,2012
953,HAY RIVER,1266,5,2017
954,VANCOUVER INTL,112362,185,2006
955,GOOSE BAY,3869,12,2012
956,FORT MCPHERSON,470,1,2014
957,NEMISCAU,516,2,2012
958,SUDBURY,5225,9,2015
959,BELLA COOLA,382,3,2010
960,FORT ALBANY,618,2,2012
961,ATTAWAPISKAT,412,2,2012
962,TUKTOYAKTUK,939,1,2014
963,MIRABEL,261,1,2012
964,WHALE COVE,853,5,2012
965,NANAIMO ARPT,2263,1,2010
966,REPULSE BAY,782,6,2012
967,RANKIN INLET,4589,18,2012
968,FORT CHIPEWYAN,359,2,2015
969,INUKJUAK,1087,3,2016
970,GILLAM,588,2,2012
971,ESKIMO POINT,1105,6,2012
972,QUAQTAQ,726,2,2014
973,CHESTERFIELD INLE,730,2,2018
974,THOMPSON,3808,18,2018
975,MONCTON,6445,18,2012
976,TADOULE LAKE,53,2,2009
977,LYNN LAKE,35,1,2012
978,SARNIA,1370,1,2016
979,GRISE FIORD,104,1,2010
980,SIOUX LOOKOUT,8096,22,2012
981,SUDBURY,8128,10,2012
982,THUNDER BAY,10581,18,2017
983,RED LAKE,3983,11,2012
984,THE PAS,1529,4,2012
985,GILLAM,313,1,2006
986,HAMILTON,2892,16,2012
987,KINGSTON,1547,2,2005
988,FORT FRANCES,1155,2,2012
989,POND INLET,427,4,2004
990,GJOA HAVEN,1132,8,2008
991,YELLOWKNIFE,8636,30,2012
992,QUESNEL,847,2,2017
993,ST HUBERT,1520,5,2016
994,IGLOOLIK,771,8,2016
995,COMOX,5242,7,2006
996,TUKTOYAKTUK,831,1,2012
997,WINDSOR,3721,10,2015
998,FORT MCPHERSON,511,1,2012
999,KUUJJUARAPIK,1295,7,2014
1000,SEPT ILES,6702,21,2012
1001,WABUSH,4240,17,2012
1002,GOOSE BAY,4381,13,2008
1003,GRANDE PRAIRIE,3604,4,2011
1004,KUUJJUAQ,2638,9,2012
1005,YORK LANDING,31,1,2009
1006,SANIKILUAQ,314,2,2012
1007,POVUNGNITUK,59181,126,2012
1008,KANGIRSUK,1046,3,2012
1009,BAKER LAKE,516,5,2003
1010,MASSET,350,1,2016
1011,IVUJIVIK,732,2,2012
1012,LYNN LAKE,173,5,2006
1013,KUUJJUARAPIK,1198,6,2012
1014,TUKTOYAKTUK,939,1,2018
1015,PEAWANUCK,105,1,2009
1016,CHARLOTTETOWN,3554,9,2012
1017,BATHURST,675,2,2003
1018,GANDER INTL,853,5,2012
1019,FORT MCMURRAY,6969,9,2012
1020,SASKATOON,11229,35,2017
1021,RAINBOW LAKE,247,2,2015
1022,HALIFAX,31863,88,2012
1023,DEER LAKE,4162,8,2012
1024,EASTMAIN,622,4,2003
1025,LESTER B. PEARSON,197914,411,2012
1026,CALGARY INTL,82563,141,2012
1027,FORT FRANCES,1114,3,2018
1028,WOLLASTON LAKE,1195,4,2004
1029,VANCOUVER INTL,106832,176,2012
1030,KITCHENER,2043,5,2012
1031,CAMBRIDGE BAY,1084,6,2014
1032,"ROUND LAKE, OT",781,3,2011
1033,VICTORIA,16220,24,2015
1034,WOLLASTON LAKE,97,5,2017
1035,SACHIGO LAKE,573,2,2011
1036,NATASHQUAN,780,5,2005
1037,DEER LAKE,521,2,2011
1038,BELLA BELLA,953,3,2013
1039,FORT HOPE,351,4,2018
1040,REPULSE BAY,656,6,2017
1041,BIG TROUT LAKE,1146,6,2011
1042,GERALDTON,157,2,2011
1043,FORT SEVERN,313,2,2011
1044,FORT GOOD HOPE,625,3,2011
1045,KASABONIKA,833,5,2011
1046,ABBOTSFORD,2404,3,2011
1047,FOND DU LAC,47,1,2011
1048,WOLLASTON LAKE,26,1,2011
1049,URANIUM CITY,26,1,2011
1050,MOOSONEE,1132,3,2006
1051,LA GRANDE,778,3,2015
1052,FORT MCMURRAY,8870,17,2014
1053,NAIN,703,4,2012
1054,LANDSDOWNE HOUSE,989,4,2011
1055,YARMOUTH,1040,2,2011
1056,CHURCHILL FALLS,312,2,2011
1057,LESTER B. PEARSON,184538,396,2009
1058,BONAVENTURE,516,2,2011
1059,ALMA,310,2,2011
1060,HAVRE ST-PIERRE,362,1,2011
1061,LAKE HARBOUR,206,1,2017
1062,ST HUBERT,1496,5,2011
1063,FORT SMITH,1230,4,2011
1064,FORT CHIPEWYAN,312,2,2011
1065,KANGIQSUALUJJUAQ,626,2,2013
1066,BELLA BELLA,773,3,2011
1067,BELLA COOLA,427,2,2011
1068,SAULT STE-MARIE,4203,5,2016
1069,FORT FRANKLIN,833,2,2011
1070,DRYDEN,1173,5,2017
1071,CARTWRIGHT,16,2,2011
1072,MARY'S HARBOUR,238,3,2011
1073,BAGOTVILLE,1910,7,2013
1074,REGINA,11090,47,2013
1075,CRANBROOK,2720,5,2009
1076,CHURCHILL FALLS,277,2,2012
1077,MAKKOVIK,484,2,2011
1078,ST ANTHONY,877,5,2011
1079,YELLOWKNIFE,9281,32,2010
1080,PORT HARDY,1280,3,2011
1081,GRISE FIORD,105,1,2011
1082,PORT MENIER,65,1,2012
1083,SANDSPIT,420,1,2011
1084,MONT JOLI,1136,4,2011
1085,PENTICTON,1046,1,2011
1086,SYDNEY,2148,5,2011
1087,BROUGHTON ISLAND,306,3,2016
1088,WINDSOR,3028,3,2011
1089,NAKINA,1044,2,2010
1090,ILES DE LA MADELE,1326,4,2011
1091,WHITEHORSE,1999,7,2008
1092,KINGSTON,2352,2,2011
1093,HAVRE ST-PIERRE,188,5,2017
1094,GASPE,1460,2,2011
1095,FREDERICTON,4305,5,2011
1096,CAMBRIDGE BAY,782,7,2018
1097,HAMILTON,2651,22,2014
1098,KAPUSKASING,1062,3,2012
1099,NANAIMO ARPT,2284,1,2011
1100,CAMPBELL RIVER,3893,6,2015
1101,BAIE COMEAU,705,3,2011
1102,MONT JOLI,1755,9,2018
1103,FORT SEVERN,313,2,2015
1104,REGINA,7678,19,2004
1105,EDMONTON INTL,46333,94,2013
1106,FORT NELSON,1059,3,2011
1107,WABUSH,3122,16,2017
1108,HOPEDALE,639,3,2006
1109,CARTWRIGHT,122,2,2016
1110,EDMONTON INTL,49173,104,2015
1111,SUDBURY,5531,8,2018
1112,SMITHERS,1341,5,2011
1113,CHEVERY,1672,6,2007
1114,TERRACE,2496,6,2011
1115,WILLIAMS LAKE,2178,3,2011
1116,CHARLOTTETOWN,2600,9,2004
1117,FORT ALBANY,618,2,2014
1118,ESKIMO POINT,1050,5,2014
1119,CHIBOUGAMAU,761,3,2004
1120,COMOX,5253,7,2011
1121,RAINBOW LAKE,301,2,2011
1122,OTTAWA INTL,37017,60,2007
1123,LETHBRIDGE,1701,3,2011
1124,LETHBRIDGE,1790,2,2012
1125,FORT MCMURRAY,1992,2,2004
1126,KAMLOOPS,3569,6,2011
1127,CAMPBELL RIVER,3566,5,2011
1128,CHARLOTTETOWN,3624,7,2011
1129,MONT JOLI,1459,8,2012
1130,WABUSH,2706,10,2007
1131,TALOYAK,616,8,2011
1132,PANGNIRTUNG,1243,4,2011
1133,DRYDEN,2000,4,2009
1134,NORMAN WELLS,2375,7,2011
1135,GILLAM,828,2,2009
1136,BROUGHTON ISLAND,524,3,2011
1137,FREDERICTON,4918,10,2018
1138,LAKE HARBOUR,207,1,2011
1139,FORT MCPHERSON,469,1,2013
1140,POND INLET,680,7,2011
1141,WHALE COVE,835,3,2006
1142,FORT SIMPSON,623,2,2011
1143,BIG TROUT LAKE,1102,10,2004
1144,KELOWNA,10196,16,2010
1145,LETHBRIDGE,2088,1,2016
1146,IGLOOLIK,919,8,2011
1147,CLYDE RIVER,1033,5,2011
1148,FORT GOOD HOPE,803,5,2017
1149,KASABONIKA,389,5,2017
1150,NAIN,654,4,2013
1151,CRANBROOK,3897,5,2018
1152,CAMBRIDGE BAY,1280,10,2011
1153,HAY RIVER,1074,3,2007
1154,SANDY LAKE,1094,5,2011
1155,PEAWANUCK,103,1,2011
1156,NEMISCAU,514,2,2011
1157,RED LAKE,3183,11,2007
1158,SARNIA,1186,1,2014
1159,WEMINDJI,676,2,2011
1160,WABUSH,5293,17,2014
1161,MOOSONEE,967,2,2011
1162,FORT ST JOHN,3333,7,2013
1163,ATTAWAPISKAT,411,2,2011
1164,FORT ALBANY,764,2,2004
1165,CORAL HARBOUR,842,4,2011
1166,FORT SIMPSON,783,3,2008
1167,DRYDEN,2029,6,2012
1168,SANDSPIT,431,1,2008
1169,WHALE COVE,777,5,2011
1170,REPULSE BAY,684,5,2011
1171,GILLAM,567,2,2011
1172,MONT TREMBLANT,248,4,2011
1173,KAPUSKASING,1112,1,2011
1174,PANGNIRTUNG,1399,6,2010
1175,LYNN LAKE,34,1,2011
1176,THUNDER BAY,10432,17,2018
1177,SIOUX LOOKOUT,7896,21,2011
1178,TIMMINS,4437,4,2011
1179,SUDBURY,7708,10,2011
1180,RED LAKE,3181,10,2016
1181,KITCHENER,2066,3,2011
1182,THE PAS,1523,4,2011
1183,SANDSPIT,703,4,2003
1184,DRYDEN,1955,8,2011
1185,CHIBOUGAMAU,618,3,2014
1186,CRANBROOK,1719,2,2006
1187,FLIN FLON,1523,5,2011
1188,FORT FRANCES,1221,2,2011
1189,JEAN LESAGE INTL,16027,31,2009
1190,GERALDTON,288,2,2013
1191,HAY RIVER,1399,4,2011
1192,FORT MCPHERSON,520,1,2011
1193,HOLMAN,310,2,2011
1194,PAULATUK,156,1,2011
1195,SYDNEY,2326,5,2013
1196,AKLAVIK,1032,2,2011
1197,SALLUIT,809,4,2011
1198,PICKLE LAKE,471,3,2013
1199,KUUJJUAQ,2655,9,2011
1200,GATINEAU,146,2,2017
1201,POWELL RIVER,1512,1,2008
1202,CLYDE RIVER,830,6,2009
1203,CHEVERY,1641,5,2014
1204,FORT HOPE,864,4,2013
1205,TASIUJUAQ,848,2,2011
1206,CAPE DORSET,874,5,2011
1207,VAL D'OR,2690,8,2015
1208,QUAQTAQ,726,2,2011
1209,AUPALUK,831,3,2011
1210,IVUJIVIK,748,2,2011
1211,CHEVERY,2281,8,2005
1212,TERRACE,2318,6,2009
1213,KUUJJUARAPIK,1219,5,2011
1214,LA GRANDE,1015,4,2011
1215,NAIN,515,4,2011
1216,KANGIQSUALUJJUAQ,565,2,2011
1217,AKULIVIK,748,2,2011
1218,ST JOHN'S,9913,24,2011
1219,VICTORIA,15710,15,2011
1220,VAL D'OR,2588,9,2016
1221,WINNIPEG JAMES ARMSTRONG RICHARDSON  INTL,30271,67,2011
1222,NORWAY HOUSE,1868,4,2008
1223,THUNDER BAY,11015,21,2011
1224,BAGOTVILLE,1553,3,2011
1225,REGINA,10830,36,2011
1226,JEAN LESAGE INTL,17392,42,2011
1227,OTTAWA INTL,46273,88,2011
1228,KELOWNA,10457,18,2011
1229,OLD CROW,337,2,2017
1230,QUESNEL,922,1,2003
1231,DEER LAKE,4078,8,2011
1232,SACHS HARBOUR,156,2,2017
1233,SASKATOON,9673,18,2008
1234,LESTER B. PEARSON,192335,373,2011
1235,CALGARY INTL,81290,148,2011
1236,NORWAY HOUSE,513,1,2003
1237,SACHIGO LAKE,549,3,2010
1238,OXFORD HOUSE,1047,2,2003
1239,THE PAS,1483,5,2009
1240,DEER LAKE,522,2,2010
1241,PICKLE LAKE,494,2,2010
1242,TERRACE,2726,10,2016
1243,WINNIPEG JAMES ARMSTRONG RICHARDSON  INTL,33480,119,2018
1244,SARNIA,1153,1,2010
1245,YARMOUTH,1044,2,2010
1246,INUKJUAK,1066,3,2017
1247,NAKINA,1035,2,2005
1248,ABBOTSFORD,2398,6,2010
1249,MASSET,294,1,2009
1250,TRENTON,2,1,2010
1251,CHURCHILL FALLS,205,2,2010
1252,STEPHENVILLE,306,2,2010
1253,ALMA,100,2,2010
1254,ST HUBERT,1200,6,2010
1255,BELLA BELLA,734,2,2010
1256,FORT NORMAN,1305,2,2010
1257,KASABONIKA,841,5,2010
1258,FORT GOOD HOPE,627,3,2010
1259,WHITEHORSE,1831,8,2014
1260,WEBEQUIE,1425,5,2010
1261,FORT NORMAN,1774,4,2015
1262,GODS NARROWS,1237,8,2018
1263,FORT HOPE,2668,6,2010
1264,NATASHQUAN,783,3,2010
1265,CAMBRIDGE BAY,975,11,2007
1266,MARY'S HARBOUR,304,2,2010
1267,INUVIK,3128,13,2008
1268,MAKKOVIK,490,2,2010
1269,CHEVERY,1674,5,2010
1270,PENTICTON,1710,2,2018
1271,HOPEDALE,490,2,2010
1272,PORT HARDY,1275,3,2010
1273,GILLIES BAY,741,1,2010
1274,FORT FRANCES,1210,2,2010
1275,ATTAWAPISKAT,414,2,2013
1276,CARTWRIGHT,270,3,2005
1277,BATHURST,645,1,2010
1278,SANDSPIT,448,2,2010
1279,KUUJJUAQ,2860,12,2014
1280,GOOSE BAY,3530,12,2010
1281,DAWSON CREEK,251,2,2018
1282,ST JOHN,3745,5,2010
1283,SYDNEY,2150,6,2010
1284,CAMPBELL RIVER,4265,7,2006
1285,KINGSTON,2462,2,2010
1286,FREDERICTON,4191,7,2010
1287,CASTLEGAR,1438,4,2010
1288,AUPALUK,829,3,2009
1289,HOPEDALE,1050,5,2014
1290,FORT NELSON,825,3,2010
1291,SMITHERS,1320,5,2010
1292,MEDICINE HAT,1299,1,2010
1293,WHITEHORSE,2751,10,2012
1294,WEBEQUIE,2076,10,2008
1295,COMOX,5408,8,2010
1296,SUDBURY,5936,9,2003
1297,RAINBOW LAKE,303,2,2010
1298,GJOA HAVEN,632,8,2016
1299,HIGH LEVEL,610,2,2010
1300,CAMPBELL RIVER,3513,5,2010
1301,FORT NORMAN,1302,2,2011
1302,ST ANTHONY,1823,7,2004
1303,TALOYAK,599,6,2010
1304,MARY'S HARBOUR,122,2,2016
1305,LAKE HARBOUR,208,1,2010
1306,CHARLO,72,2,2012
1307,MONT JOLI,746,4,2006
1308,NANISIVIK,461,3,2010
1309,MONT TREMBLANT,127,4,2007
1310,RESOLUTE,409,5,2010
1311,QUAQTAQ,726,2,2017
1312,POWELL RIVER,1460,1,2011
1313,FORT GOOD HOPE,677,5,2009
1314,KASABONIKA,1150,7,2009
1315,CARTWRIGHT,262,2,2007
1316,POND INLET,753,8,2010
1317,YELLOWKNIFE,9130,34,2014
1318,GJOA HAVEN,983,7,2010
1319,OTTAWA INTL,41565,73,2008
1320,CAMBRIDGE BAY,1236,10,2010
1321,STE THERESE POINT,65923,140,2015
1322,KUGAARUK,467,6,2010
1323,KUGAARUK,675,5,2004
1324,SALLUIT,733,3,2015
1325,NEMISCAU,516,2,2010
1326,SCHEFFERVILLE,895,4,2009
1327,CHIBOUGAMAU,516,2,2010
1328,MOOSONEE,1089,3,2010
1329,TADOULE LAKE,688,4,2008
1330,CALGARY INTL,64183,122,2004
1331,CAMPBELL RIVER,3647,9,2003
1332,WASKAGANISH,1250,5,2010
1333,MONCTON,6843,23,2006
1334,SACHS HARBOUR,105,1,2004
1335,POND INLET,701,7,2014
1336,ATTAWAPISKAT,411,2,2010
1337,SAULT STE-MARIE,5903,8,2012
1338,LAKE HARBOUR,206,1,2014
1339,MIRABEL,261,1,2010
1340,KAPUSKASING,1403,1,2008
1341,INUKJUAK,1088,3,2014
1342,HAMILTON,3321,14,2010
1343,WHALE COVE,836,4,2010
1344,POVUNGNITUK,61143,163,2003
1345,CHESTERFIELD INLE,496,4,2010
1346,THOMPSON,2113,5,2010
1347,GILLAM,568,2,2010
1348,ESKIMO POINT,922,4,2010
1349,PRINCE ALBERT,120,3,2011
1350,SOUTH INDIAN LAKE,128,1,2010
1351,PIKANGIKUM,1036,6,2003
1352,SACHS HARBOUR,156,2,2014
1353,BELLA BELLA,758,2,2003
1354,CHESTERFIELD INLE,1181,5,2012
1355,THOMPSON,1879,3,2012
1356,SASKATOON,9039,23,2005
1357,ABBOTSFORD,3280,6,2006
1358,LA GRANDE,870,4,2012
1359,LYNN LAKE,37,2,2010
1360,EDMONTON INTL,34133,71,2003
1361,FORT HOPE,1758,3,2006
1362,TIMMINS,4519,4,2010
1363,KANGIQSUALUJJUAQ,629,2,2014
1364,HOPEDALE,484,2,2011
1365,THE PAS,1452,5,2010
1366,LAKE HARBOUR,205,1,2013
1367,SAULT STE-MARIE,4555,3,2010
1368,EASTMAIN,622,2,2008
1369,FORT MCPHERSON,522,1,2010
1370,GILLIES BAY,1716,4,2016
1371,INUVIK,4253,15,2010
1372,POVUNGNITUK,54084,147,2004
1373,SALLUIT,883,4,2010
1374,ESKIMO POINT,822,3,2009
1375,SANIKILUAQ,248,2,2010
1376,VAL D'OR,2614,8,2014
1377,POVUNGNITUK,60749,126,2010
1378,MEDICINE HAT,1308,1,2013
1379,AUPALUK,833,3,2010
1380,SCHEFFERVILLE,901,4,2010
1381,LANDSDOWNE HOUSE,389,4,2016
1382,AKULIVIK,752,2,2010
1383,EDMONTON INTL,45685,87,2007
1384,GRANDE PRAIRIE,3431,4,2009
1385,KAMLOOPS,3234,9,2003
1386,BERENS RIVER,48,1,2009
1387,HOLMAN,260,2,2008
1388,VICTORIA,15470,15,2010
1389,HALL BEACH,713,5,2014
1390,SUDBURY,8113,6,2005
1391,WINNIPEG JAMES ARMSTRONG RICHARDSON  INTL,30152,70,2010
1392,JEAN LESAGE INTL,16652,38,2010
1393,MAKKOVIK,1068,5,2014
1394,INUVIK,3258,13,2012
1395,DEER LAKE,4360,10,2010
1396,FORT NELSON,856,2,2007
1397,PRINCE GEORGE,6287,16,2015
1398,LESTER B. PEARSON,189365,383,2010
1399,PRINCE ALBERT,2167,4,2005
1400,UMIUJAQ,598,2,2009
1401,SASKATOON,11519,37,2010
1402,KUUJJUAQ,2262,8,2006
1403,"ROUND LAKE, OT",861,5,2009
1404,POVUNGNITUK,60830,133,2013
1405,GILLIES BAY,994,1,2008
1406,SACHIGO LAKE,730,3,2009
1407,HALL BEACH,579,6,2009
1408,AKULIVIK,726,2,2014
1409,PIKANGIKUM,1351,6,2009
1410,STEPHENVILLE,321,3,2011
1411,PICKLE LAKE,737,7,2009
1412,WEMINDJI,379,3,2018
1413,MUSKRAT DAM,852,3,2009
1414,DEER LAKE,5665,15,2017
1415,CHARLOTTETOWN,2747,8,2006
1416,STEPHENVILLE,347,3,2009
1417,HOLMAN,312,2,2010
1418,MASSET,238,1,2006
1419,BONAVENTURE,543,2,2009
1420,BAIE COMEAU,599,2,2003
1421,SHERBROOKE,22,1,2009
1422,ST JOHN,2277,6,2015
1423,MASSET,310,1,2003
1424,GATINEAU,42,1,2009
1425,ST HUBERT,869,4,2009
1426,VANCOUVER INTL,112509,196,2014
1427,KELOWNA,10163,19,2005
1428,COLD LAKE,145,2,2009
1429,BELLA BELLA,905,2,2009
1430,POWELL RIVER,1473,1,2009
1431,IGLOOLIK,519,5,2006
1432,SACHIGO LAKE,829,7,2008
1433,YELLOWKNIFE,7919,24,2005
1434,GODS RIVER,110,4,2009
1435,BROUGHTON ISLAND,518,3,2013
1436,CROSS LAKE,75,1,2009
1437,BROCHET,27,2,2009
1438,WHALE COVE,530,3,2005
1439,TOFINO,365,1,2005
1440,BRANDON,22,1,2009
1441,OXFORD HOUSE,1322,4,2017
1442,YORK LANDING,374,1,2003
1443,FORT NORMAN,1304,2,2009
1444,POWELL RIVER,1443,2,2004
1445,WEBEQUIE,1939,9,2009
1446,MONCTON,6845,19,2007
1447,SACHS HARBOUR,113,1,2005
1448,INUKJUAK,928,4,2006
1449,OXFORD HOUSE,1243,2,2004
1450,FORT HOPE,3172,6,2009
1451,TIMMINS,4727,7,2015
1452,POND INLET,998,7,2018
1453,NORMAN WELLS,1805,8,2017
1454,CARTWRIGHT,312,2,2009
1455,ABBOTSFORD,3247,7,2017
1456,OTTAWA INTL,39497,110,2014
1457,KUUJJUAQ,2693,8,2010
1458,NATASHQUAN,896,4,2009
1459,FLIN FLON,1531,6,2006
1460,MAKKOVIK,562,2,2009
1461,CASTLEGAR,1306,2,2011
1462,BONAVENTURE,512,2,2010
1463,LAKE HARBOUR,103,1,2003
1464,MARY'S HARBOUR,312,2,2009
1465,HOPEDALE,562,2,2009
1466,PAULATUK,157,1,2010
1467,FLIN FLON,1481,4,2003
1468,PORT HARDY,1335,3,2009
1469,FORT FRANKLIN,835,2,2010
1470,CHURCHILL FALLS,172,2,2007
1471,SANDSPIT,431,1,2009
1472,POINTS NORTH LAND,873,5,2004
1473,AUPALUK,830,3,2018
1474,FORT SEVERN,243,4,2004
1475,WABUSH,2666,9,2010
1476,MONT JOLI,1417,6,2009
1477,CAMPBELL RIVER,3621,4,2017
1478,FORT NORMAN,1300,2,2005
1479,ROUYN,1558,4,2009
1480,REGINA,9102,26,2009
1481,BAGOTVILLE,1338,3,2009
1482,CALGARY INTL,67259,143,2005
1483,SANDY LAKE,1097,5,2012
1484,KITCHENER,345,2,2017
1485,AUPALUK,826,3,2008
1486,NAIN,442,3,2010
1487,GASPE,1460,2,2007
1488,FORT SEVERN,352,4,2003
1489,SANDY LAKE,958,9,2015
1490,QUESNEL,897,2,2009
1491,QUESNEL,892,2,2010
1492,OTTAWA INTL,32091,60,2005
1493,KELOWNA,9544,16,2003
1494,LETHBRIDGE,1741,2,2009
1495,HIGH LEVEL,647,2,2009
1496,KENORA,1323,6,2004
1497,WEMINDJI,622,2,2003
1498,SYDNEY,1864,9,2004
1499,DAWSON CREEK,598,3,2009
1500,PORT HARDY,1196,2,2008
1501,ST JOHN,3716,7,2009
1502,KINGSTON,2700,4,2009
1503,WABUSH,2330,10,2005
1504,TALOYAK,620,6,2009
1505,BONAVENTURE,1183,3,2016
1506,LAKE HARBOUR,205,1,2009
1507,FORT MCMURRAY,6536,10,2011
1508,KAMLOOPS,4021,6,2014
1509,WHALE COVE,785,4,2004
1510,FORT SIMPSON,776,3,2009
1511,WINNIPEG JAMES ARMSTRONG RICHARDSON  INTL,28807,82,2014
1512,NORMAN WELLS,2647,9,2014
1513,BATHURST,572,2,2004
1514,KUGAARUK,466,5,2009
1515,AKLAVIK,367,1,2003
1516,EASTMAIN,620,2,2009
1517,VAL D'OR,2170,6,2009
1518,KAPUSKASING,1109,1,2010
1519,NEMISCAU,518,2,2009
1520,ROUYN,1495,3,2011
1521,FORT NORMAN,1305,2,2007
1522,MUSKRAT DAM,858,6,2003
1523,WEMINDJI,620,2,2009
1524,FORT ST JOHN,2696,6,2009
1525,IVUJIVIK,711,3,2003
1526,CHIBOUGAMAU,617,3,2009
1527,COPPERMINE,869,6,2015
1528,MARY'S HARBOUR,226,2,2004
1529,OLD CROW,313,3,2003
1530,CASTLEGAR,1333,2,2006
1531,WASKAGANISH,1290,5,2009
1532,SHAMATTAWA,682,3,2017
1533,CALGARY INTL,63017,118,2003
1534,MIRABEL,486,4,2009
1535,BRANDON,65,1,2006
1536,RANKIN INLET,3638,19,2010
1537,WABUSH,3344,16,2018
1538,GRANDE PRAIRIE,3776,4,2012
1539,BAIE COMEAU,894,6,2010
1540,HAMILTON,3842,21,2009
1541,WHALE COVE,316,3,2009
1542,CHESTERFIELD INLE,325,5,2009
1543,THOMPSON,2837,14,2009
1544,KENORA,1234,3,2005
1545,ROBERVAL,199,2,2009
1546,BAKER LAKE,1303,6,2009
1547,NEMISCAU,516,2,2006
1548,WEBEQUIE,379,4,2015
1549,SIOUX LOOKOUT,8474,21,2009
1550,RAINBOW LAKE,99,2,2016
1551,SUDBURY,8016,6,2009
1552,CHEVERY,1697,6,2009
1553,QUAQTAQ,730,2,2016
1554,NANAIMO ARPT,2852,2,2013
1555,MIRABEL,938,5,2016
1556,CALGARY INTL,81392,137,2010
1557,NAIN,425,4,2004
1558,PRINCE GEORGE,4294,8,2009
1559,ATTAWAPISKAT,429,2,2005
1560,RED LAKE,3787,8,2009
1561,KENORA,1668,4,2009
1562,URANIUM CITY,156,1,2006
1563,NORTH BAY,2952,4,2013
1564,SACHS HARBOUR,113,1,2007
1565,KANGIKSUJUAQ,724,2,2008
1566,KANGIQSUALUJJUAQ,545,2,2012
1567,KITCHENER,1721,3,2009
1568,OXFORD HOUSE,1360,3,2016
1569,ROUYN,1692,4,2008
1570,SAULT STE-MARIE,4333,3,2009
1571,DAWSON CITY,564,3,2011
1572,HAY RIVER,1226,6,2009
1573,DAWSON CITY,465,3,2009
1574,SACHIGO LAKE,574,2,2013
1575,KANGIQSUALUJJUAQ,627,2,2010
1576,PAULATUK,164,2,2009
1577,FORT MCPHERSON,398,1,2009
1578,TUKTOYAKTUK,727,1,2009
1579,PRINCE ALBERT,3484,6,2003
1580,HOLMAN,299,3,2009
1581,BERENS RIVER,407,1,2016
1582,KAMLOOPS,3627,8,2010
1583,GRANDE PRAIRIE,4043,6,2016
1584,AKLAVIK,1260,2,2009
1585,SALLUIT,957,4,2009
1586,BIG TROUT LAKE,1480,8,2009
1587,FORT HOPE,3228,9,2008
1588,KANGIKSUJUAQ,724,2,2009
1589,STEPHENVILLE,215,2,2013
1590,VAL D'OR,2481,9,2003
1591,POWELL RIVER,1372,1,2006
1592,IQALUIT,4348,20,2012
1593,KUUJJUAQ,2656,8,2009
1594,THUNDER BAY,9884,23,2004
1595,SANIKILUAQ,155,1,2009
1596,GANDER INTL,758,3,2009
1597,SMITHERS,1016,2,2005
1598,POVUNGNITUK,62114,131,2009
1599,SIOUX LOOKOUT,5831,25,2003
1600,SCHEFFERVILLE,1161,5,2016
1601,KANGIRSUK,987,3,2007
1602,HIGH LEVEL,1073,3,2017
1603,REPULSE BAY,435,5,2010
1604,CHEVERY,1611,5,2013
1605,INUKJUAK,961,3,2009
1606,KANGIRSUK,983,3,2009
1607,QUAQTAQ,726,2,2018
1608,FORT ST JOHN,2914,8,2018
1609,IVUJIVIK,731,2,2009
1610,KUUJJUARAPIK,1328,8,2009
1611,KANGIQSUALUJJUAQ,629,2,2009
1612,FREDERICTON,4042,8,2007
1613,FLIN FLON,767,3,2016
1614,LANDSDOWNE HOUSE,261,2,2018
1615,AKULIVIK,933,2,2009
1616,JEAN LESAGE INTL,14448,29,2006
1617,CLYDE RIVER,1082,6,2013
1618,KINGSTON,2844,3,2007
1619,THUNDER BAY,12137,19,2009
1620,TASIUJUAQ,881,2,2009
1621,IQALUIT,4766,22,2008
1622,OTTAWA INTL,41439,73,2009
1623,COPPERMINE,1260,5,2010
1624,IVUJIVIK,648,6,2005
1625,GODS RIVER,1377,7,2008
1626,FORT MCMURRAY,6596,10,2009
1627,LETHBRIDGE,2655,2,2018
1628,KELOWNA,10102,18,2009
1629,CAPE DORSET,579,4,2007
1630,TASIUJUAQ,885,2,2010
1631,CAT LAKE,574,2,2012
1632,HOLMAN,312,3,2013
1633,JEAN LESAGE INTL,16288,27,2007
1634,OTTAWA INTL,43686,84,2010
1635,CASTLEGAR,1347,2,2008
1636,TIMMINS,4468,8,2016
1637,TOFINO,1390,3,2003
1638,EDMONTON INTL,46169,80,2009
1639,DAUPHIN,351,3,2006
1640,CHESTERFIELD INLE,619,5,2004
1641,FORT MCPHERSON,470,1,2015
1642,THOMPSON,5892,17,2004
1643,KAMLOOPS,4499,10,2008
1644,VANCOUVER INTL,106964,172,2009
1645,FORT FRANCES,1226,2,2008
1646,LONDON,5378,16,2018
1647,GILLIES BAY,1052,1,2006
1648,PICKLE LAKE,872,7,2008
1649,FORT FRANKLIN,1134,4,2015
1650,CHURCHILL FALLS,245,2,2008
1651,PRINCE GEORGE,4265,8,2010
1652,SEPT ILES,6007,27,2017
1653,MASSET,378,1,2017
1654,GATINEAU,89,1,2008
1655,FORT SIMPSON,621,2,2014
1656,FREDERICTON,3663,10,2016
1657,PUKATAWAGAN,64,1,2005
1658,IQALUIT,3574,18,2005
1659,UMIUJAQ,483,3,2007
1660,THE PAS,615,2,2017
1661,BONAVENTURE,218,2,2008
1662,NORMAN WELLS,1918,6,2003
1663,THOMPSON,3052,17,2006
1664,CHESTERFIELD INLE,835,5,2006
1665,ST HUBERT,415,4,2008
1666,PORT HARDY,1451,2,2016
1667,LANDSDOWNE HOUSE,2303,4,2009
1668,AKULIVIK,950,3,2003
1669,FLIN FLON,1518,5,2010
1670,FORT SMITH,846,2,2008
1671,ISLAND LAKE/GARDEN HILL,1988,2,2008
1672,CROSS LAKE,890,1,2008
1673,SHAMATTAWA,64,1,2010
1674,MONCTON,5827,18,2010
1675,GANDER INTL,863,5,2010
1676,BROUGHTON ISLAND,598,4,2010
1677,PEAWANUCK,103,1,2008
1678,SYDNEY,2468,7,2016
1679,CRANBROOK,2822,4,2012
1680,"ROUND LAKE, OT",1038,9,2008
1681,URANIUM CITY,286,2,2003
1682,NAIN,1050,6,2014
1683,AUPALUK,836,3,2012
1684,POND INLET,1009,10,2009
1685,CARTWRIGHT,410,3,2003
1686,NAIN,1095,5,2017
1687,LESTER B. PEARSON,199197,428,2013
1688,IGLOOLIK,923,8,2010
1689,DRYDEN,2303,6,2003
1690,HOPEDALE,443,4,2004
1691,TASIUJUAQ,965,4,2004
1692,BROCHET,374,4,2008
1693,EASTMAIN,624,2,2016
1694,DEER LAKE,379,5,2007
1695,AKLAVIK,1513,2,2010
1696,OLD CROW,302,2,2012
1697,MOOSONEE,894,3,2018
1698,SHAMATTAWA,829,6,2008
1699,IGLOOLIK,412,4,2003
1700,LAC BROCHET,732,4,2008
1701,PICKLE LAKE,510,2,2011
1702,NATASHQUAN,925,4,2008
1703,ILES DE LA MADELE,1171,4,2010
1704,CHEVERY,1676,5,2008
1705,HAVRE ST-PIERRE,537,3,2008
1706,GODS RIVER,1340,7,2007
1707,ST ANTHONY,1738,5,2008
1708,TIMMINS,4602,4,2007
1709,BELLA COOLA,373,2,2013
1710,GRISE FIORD,104,1,2008
1711,FREDERICTON,4078,8,2009
1712,OTTAWA INTL,33896,67,2004
1713,FORT GOOD HOPE,838,5,2008
1714,KASABONIKA,1196,9,2008
1715,CORAL HARBOUR,547,4,2010
1716,BATHURST,680,1,2008
1717,FORT NORMAN,1309,2,2004
1718,MONT JOLI,902,6,2008
1719,PENTICTON,2327,3,2008
1720,BAGOTVILLE,1228,2,2008
1721,NAIN,470,3,2005
1722,NATASHQUAN,696,4,2006
1723,HAMILTON,5279,39,2018
1724,NAIN,567,3,2009
1725,HOPEDALE,601,2,2012
1726,FORT NELSON,843,2,2008
1727,AUPALUK,834,3,2016
1728,FORT ST JOHN,2612,5,2008
1729,WILLIAMS LAKE,2110,3,2008
1730,ROUYN,1970,7,2014
1731,RED SUCKER LAKE,991,1,2007
1732,QUESNEL,906,2,2008
1733,IQALUIT,4586,21,2010
1734,MONT TREMBLANT,130,4,2009
1735,"ROUND LAKE, OT",365,3,2015
1736,INUVIK,2899,12,2005
1737,COMOX,6247,8,2008
1738,ST HUBERT,1374,4,2017
1739,HIGH LEVEL,615,2,2008
1740,LLOYDMINSTER,448,1,2008
1741,LETHBRIDGE,2048,1,2017
1742,CAMPBELL RIVER,3848,5,2008
1743,LONDON,6423,6,2008
1744,CAMPBELL RIVER,3595,6,2012
1745,FORT FRANKLIN,832,2,2006
1746,SYDNEY,1889,6,2008
1747,AKULIVIK,722,2,2018
1748,HAVRE ST-PIERRE,626,3,2013
1749,FORT SMITH,1132,4,2010
1750,KINGSTON,2954,2,2008
1751,YORK LANDING,367,2,2008
1752,CAPE DORSET,849,6,2008
1753,TASIUJUAQ,832,2,2015
1754,GODS NARROWS,1979,6,2008
1755,FORT ST JOHN,1976,6,2003
1756,PANGNIRTUNG,1706,6,2008
1757,RAINBOW LAKE,326,3,2004
1758,BROUGHTON ISLAND,759,4,2008
1759,WINNIPEG JAMES ARMSTRONG RICHARDSON  INTL,30332,73,2009
1760,CORAL HARBOUR,658,5,2015
1761,NANISIVIK,477,2,2008
1762,MONCTON,5914,15,2009
1763,RAINBOW LAKE,519,1,2006
1764,GILLAM,642,2,2008
1765,POVUNGNITUK,62626,139,2014
1766,GOOSE BAY,3668,13,2011
1767,GRISE FIORD,104,1,2006
1768,LAKE HARBOUR,208,1,2018
1769,HAY RIVER,1190,3,2008
1770,GRANDE PRAIRIE,4587,5,2014
1771,BERENS RIVER,178,1,2014
1772,BIG TROUT LAKE,995,5,2015
1773,COMOX,5058,5,2005
1774,POND INLET,892,9,2008
1775,NANAIMO ARPT,2546,3,2006
1776,ATTAWAPISKAT,416,2,2009
1777,IGLOOLIK,914,8,2008
1778,BROUGHTON ISLAND,570,3,2005
1779,CLYDE RIVER,954,5,2008
1780,UMIUJAQ,726,3,2011
1781,CARTWRIGHT,270,2,2004
1782,INUKJUAK,884,6,2005
1783,IQALUIT,4939,20,2009
1784,TIMMINS,4876,5,2014
1785,MASSET,275,1,2007
1786,DIGBY ISLAND,66579,140,2018
1787,DAWSON CREEK,588,3,2010
1788,COPPERMINE,1310,5,2008
1789,SANIKILUAQ,468,3,2018
1790,VAL D'OR,1799,5,2008
1791,NEMISCAU,518,2,2008
1792,WEMINDJI,624,2,2005
1793,WHITEHORSE,2019,7,2006
1794,BAKER LAKE,1484,4,2008
1795,ROBERVAL,505,2,2008
1796,WEMINDJI,622,2,2008
1797,CHIBOUGAMAU,770,3,2008
1798,MOOSONEE,1130,3,2008
1799,SAULT STE-MARIE,4583,6,2014
1800,GRANDE PRAIRIE,4111,5,2013
1801,FORT CHIPEWYAN,314,2,2012
1802,BIG TROUT LAKE,967,6,2013
1803,TIMMINS,4575,4,2009
1804,NAKINA,1047,2,2008
1805,ROBERVAL,488,2,2007
1806,POND INLET,691,7,2012
1807,GJOA HAVEN,1030,6,2006
1808,ATTAWAPISKAT,414,2,2008
1809,TUKTOYAKTUK,744,1,2010
1810,LAKE HARBOUR,208,1,2012
1811,MIRABEL,943,6,2008
1812,KANGIKSUJUAQ,728,2,2015
1813,SACHS HARBOUR,156,1,2010
1814,CHESTERFIELD INLE,855,5,2008
1815,THOMPSON,7011,22,2008
1816,AKLAVIK,3,1,2014
1817,PEAWANUCK,103,1,2003
1818,SANDY LAKE,893,6,2003
1819,ESKIMO POINT,942,2,2008
1820,QUAQTAQ,620,3,2003
1821,NAIN,1336,5,2016
1822,LYNN LAKE,30,1,2013
1823,PIKANGIKUM,1094,5,2011
1824,SOUTH INDIAN LAKE,576,2,2008
1825,SACHS HARBOUR,157,2,2012
1826,MOOSONEE,1169,3,2005
1827,LYNN LAKE,316,3,2008
1828,CALGARY INTL,87131,150,2014
1829,NORTH BAY,2616,3,2008
1830,LESTER B. PEARSON,186728,330,2007
1831,PRINCE GEORGE,4793,11,2008
1832,RED LAKE,3862,10,2008
1833,FLIN FLON,1525,5,2008
1834,SALLUIT,775,8,2004
1835,WHALE COVE,946,4,2013
1836,BONAVENTURE,1303,5,2015
1837,UMIUJAQ,648,3,2010
1838,ATTAWAPISKAT,672,4,2016
1839,EDMONTON INTL,45736,95,2012
1840,OLD CROW,304,3,2008
1841,SEPT ILES,5133,15,2009
1842,TUKTOYAKTUK,680,1,2008
1843,PENTICTON,1608,4,2016
1844,YELLOWKNIFE,9408,27,2008
1845,PEAWANUCK,104,1,2015
1846,MASSET,321,1,2015
1847,NEMISCAU,517,2,2007
1848,CROSS LAKE,222,1,2006
1849,SALLUIT,893,4,2008
1850,BAIE COMEAU,1348,6,2018
1851,SHAMATTAWA,391,3,2006
1852,SACHIGO LAKE,858,7,2003
1853,QUAQTAQ,724,2,2008
1854,ROUYN,1202,2,2005
1855,GANDER INTL,785,3,2008
1856,VAL D'OR,2234,6,2012
1857,KUGAARUK,406,7,2007
1858,POVUNGNITUK,67371,122,2008
1859,MARY'S HARBOUR,254,2,2006
1860,IVUJIVIK,728,2,2008
1861,KUUJJUARAPIK,1376,7,2008
1862,KANGIQSUALUJJUAQ,624,2,2008
1863,ST JOHN'S,8813,23,2008
1864,DAWSON CITY,628,3,2004
1865,VICTORIA,16052,15,2008
1866,ATTAWAPISKAT,413,2,2007
1867,RED LAKE,4014,12,2011
1868,IGLOOLIK,919,10,2014
1869,THUNDER BAY,12106,22,2008
1870,FORT SMITH,1000,5,2003
1871,OTTAWA INTL,37755,111,2015
1872,JEAN LESAGE INTL,16994,36,2008
1873,FORT MCMURRAY,5834,7,2008
1874,KANGIKSUJUAQ,724,2,2013
1875,CARTWRIGHT,87,2,2010
1876,POND INLET,384,4,2016
1877,INUVIK,3082,11,2004
1878,EDMONTON INTL,47172,79,2008
1879,PIERRE ELLIOTT TRUDEAU INTL,71922,159,2004
1880,DEER LAKE,5604,15,2008
1881,KUUJJUAQ,2991,11,2016
1882,KANGIRSUK,848,5,2004
1883,BONAVENTURE,1605,6,2013
1884,VAL D'OR,2164,6,2010
1885,PIKANGIKUM,156,1,2005
1886,REGINA,8764,17,2006
1887,VANCOUVER INTL,115738,186,2008
1888,PIERRE ELLIOTT TRUDEAU INTL,85459,180,2008
1889,WINDSOR,2267,1,2007
1890,ST JOHN'S,9709,20,2010
1891,CAMBRIDGE BAY,1195,10,2009
1892,FORT SEVERN,183,2,2007
1893,PIKANGIKUM,660,6,2014
1894,SUDBURY,7486,7,2010
1895,NORMAN WELLS,1843,9,2013
1896,BELLA BELLA,434,2,2007
1897,AKLAVIK,747,1,2015
1898,VAL D'OR,2220,6,2011
1899,FORT HOPE,467,5,2014
1900,DEER LAKE,679,5,2008
1901,KUGAARUK,508,8,2011
1902,SMITHERS,1346,5,2008
1903,DAUPHIN,22,1,2009
1904,YORK LANDING,365,1,2007
1905,ISLAND LAKE/GARDEN HILL,1982,2,2007
1906,TERRACE,2704,6,2012
1907,ISLAND LAKE/GARDEN HILL,1148,3,2016
1908,LA GRANDE,878,4,2010
1909,RESOLUTE,355,4,2011
1910,GRANDE PRAIRIE,3159,5,2007
1911,BERENS RIVER,574,1,2007
1912,SHAMATTAWA,557,2,2003
1913,NAKINA,1099,2,2004
1914,BRANDON,261,1,2007
1915,IGLOOLIK,413,4,2004
1916,WHALE COVE,890,3,2008
1917,TOFINO,120,1,2008
1918,CAMPBELL RIVER,3668,7,2013
1919,OLD CROW,282,3,2011
1920,FORT FRANKLIN,835,2,2007
1921,GILLIES BAY,1619,2,2015
1922,WASKAGANISH,1340,6,2014
1923,MUNICIPAL,261,1,2006
1924,SYDNEY,1965,6,2009
1925,ROBERVAL,679,2,2013
1926,WEBEQUIE,1275,11,2007
1927,NORWAY HOUSE,1816,4,2007
1928,PRINCE GEORGE,4621,11,2013
1929,LANDSDOWNE HOUSE,1748,6,2007
1930,SIOUX LOOKOUT,6523,26,2015
1931,NORTH BAY,1882,5,2015
1932,FORT HOPE,2453,8,2007
1933,BROCHET,344,4,2007
1934,JEAN LESAGE INTL,18432,54,2017
1935,SCHEFFERVILLE,797,4,2006
1936,CAMPBELL RIVER,2911,5,2018
1937,WILLIAMS LAKE,2138,3,2010
1938,NATASHQUAN,770,4,2007
1939,HALL BEACH,619,4,2016
1940,MAKKOVIK,486,2,2007
1941,HOPEDALE,486,2,2007
1942,ST ANTHONY,1275,6,2007
1943,RANKIN INLET,3576,18,2009
1944,PRINCE GEORGE,5139,15,2004
1945,REPULSE BAY,576,4,2008
1946,GRISE FIORD,104,1,2007
1947,RESOLUTE,411,4,2017
1948,GOOSE BAY,4212,13,2007
1949,PENTICTON,1636,5,2007
1950,MOOSONEE,1225,2,2017
1951,ESKIMO POINT,938,3,2006
1952,CHARLO,408,2,2014
1953,POWELL RIVER,2396,3,2017
1954,NORMAN WELLS,2043,6,2009
1955,NORMAN WELLS,2232,6,2008
1956,MOOSONEE,1229,3,2004
1957,WABUSH,2890,9,2011
1958,ILES DE LA MADELE,925,3,2007
1959,AKLAVIK,575,1,2017
1960,FORT FRANCES,847,2,2003
1961,HOLMAN,260,2,2004
1962,KITCHENER,2268,3,2008
1963,KUGAARUK,430,8,2017
1964,GRISE FIORD,104,1,2014
1965,FORT NORMAN,1482,2,2016
1966,MASSET,339,1,2014
1967,NANAIMO ARPT,2177,1,2007
1968,CAMBRIDGE BAY,1276,10,2008
1969,LONDON,5552,8,2004
1970,HALIFAX,30215,85,2009
1971,POWELL RIVER,1913,2,2016
1972,LETHBRIDGE,1965,2,2003
1973,RED LAKE,3004,8,2015
1974,TERRACE,2923,7,2007
1975,STEPHENVILLE,373,3,2008
1976,WILLIAMS LAKE,1969,3,2007
1977,CRANBROOK,3197,4,2014
1978,GASPE,1454,2,2015
1979,WEBEQUIE,736,3,2012
1980,MASSET,31,1,2004
1981,"ROUND LAKE, OT",722,3,2010
1982,DAWSON CREEK,789,4,2007
1983,WHITEHORSE,2287,9,2010
1984,PEAWANUCK,104,1,2004
1985,SANDY LAKE,608,8,2004
1986,CAMPBELL RIVER,3732,4,2007
1987,ATTAWAPISKAT,702,2,2003
1988,LONDON,6448,8,2007
1989,SYDNEY,2079,5,2007
1990,FORT CHIPEWYAN,517,2,2014
1991,ST JOHN'S,13214,37,2017
1992,CAMBRIDGE BAY,884,7,2015
1993,TADOULE LAKE,657,4,2007
1994,RESOLUTE,539,5,2006
1995,ST JOHN,3864,6,2007
1996,GODS RIVER,100,2,2005
1997,WHITEHORSE,2123,9,2009
1998,SASKATOON,11382,46,2013
1999,PANGNIRTUNG,1247,4,2007
2000,TALOYAK,464,7,2007
2001,LAKE HARBOUR,232,2,2007
2002,PENTICTON,1121,2,2005
2003,FORT GOOD HOPE,557,4,2012
2004,KASABONIKA,836,5,2012
2005,LYNN LAKE,65,3,2009
2006,AUPALUK,458,4,2003
2007,MONCTON,5906,28,2016
2008,CHIBOUGAMAU,619,3,2013
2009,POND INLET,524,6,2015
2010,POND INLET,515,4,2005
2011,YELLOWKNIFE,8690,30,2013
2012,CARTWRIGHT,314,2,2008
2013,SCHEFFERVILLE,1138,5,2012
2014,VAL D'OR,1576,5,2007
2015,NANAIMO ARPT,2482,1,2012
2016,NANISIVIK,410,3,2007
2017,BAKER LAKE,1355,5,2007
2018,WEMINDJI,621,2,2007
2019,RANKIN INLET,3773,20,2003
2020,BAGOTVILLE,1766,10,2015
2021,REGINA,10994,57,2015
2022,CHURCHILL FALLS,155,1,2006
2023,BAGOTVILLE,1035,1,2007
2024,REGINA,8107,16,2007
2025,BROCHET,331,4,2018
2026,MIRABEL,1461,6,2007
2027,NATASHQUAN,779,4,2015
2028,REPULSE BAY,577,4,2007
2029,KANGIKSUJUAQ,724,2,2010
2030,CHESTERFIELD INLE,946,5,2007
2031,THOMPSON,6370,22,2007
2032,HAMILTON,2929,19,2013
2033,GILLAM,548,2,2007
2034,CRANBROOK,2735,5,2011
2035,ESKIMO POINT,1097,3,2007
2036,DAWSON CREEK,650,3,2013
2037,ILES DE LA MADELE,1241,5,2008
2038,FOND DU LAC,99,3,2017
2039,KUGAARUK,469,5,2008
2040,KAPUSKASING,1077,1,2007
2041,KUUJJUARAPIK,1166,8,2003
2042,KANGIKSUJUAQ,732,2,2012
2043,SUDBURY,8864,6,2007
2044,KAPUSKASING,1257,1,2009
2045,PRINCE GEORGE,4801,10,2007
2046,KANGIRSUK,1043,3,2016
2047,MIRABEL,1081,4,2018
2048,CALGARY INTL,81226,136,2009
2049,HAY RIVER,1443,5,2012
2050,ROBERVAL,207,2,2011
2051,BAKER LAKE,1218,7,2011
2052,KENORA,1445,3,2007
2053,CORAL HARBOUR,290,4,2009
2054,KITCHENER,1409,3,2007
2055,FLIN FLON,1535,5,2007
2056,IGLOOLIK,1030,7,2009
2057,FORT FRANCES,1211,2,2007
2058,CAPE DORSET,798,6,2010
2059,BAIE COMEAU,1081,3,2007
2060,PANGNIRTUNG,1244,4,2004
2061,ALMA,731,2,2013
2062,UMIUJAQ,521,3,2005
2063,KUUJJUAQ,1695,13,2003
2064,OLD CROW,313,3,2007
2065,DAWSON CITY,626,3,2007
2066,FORT MCPHERSON,476,1,2007
2067,TASIUJUAQ,836,2,2012
2068,FORT FRANCES,903,2,2004
2069,BRANDON,262,1,2008
2070,CORAL HARBOUR,659,4,2016
2071,DRYDEN,1790,5,2005
2072,NORMAN WELLS,2227,6,2007
2073,DAWSON CREEK,607,3,2008
2074,KUUJJUARAPIK,1294,5,2018
2075,HAVRE ST-PIERRE,230,3,2009
2076,HALIFAX,32229,85,2010
2077,LLOYDMINSTER,608,1,2013
2078,TUKTOYAKTUK,723,1,2007
2079,BATHURST,719,1,2009
2080,TUKTOYAKTUK,766,1,2011
2081,SEPT ILES,5001,12,2007
2082,NAKINA,1001,2,2006
2083,DEER LAKE,548,3,2009
2084,ST ANTHONY,857,4,2012
2085,SMITHERS,1325,5,2009
2086,CHIBOUGAMAU,580,3,2012
2087,MASSET,307,2,2010
2088,SALLUIT,898,4,2007
2089,SHAMATTAWA,85,3,2015
2090,WILLIAMS LAKE,2177,3,2009
2091,KUUJJUAQ,2425,8,2007
2092,LONDON,5594,18,2015
2093,MIRABEL,3461,31,2004
2094,KUUJJUAQ,2702,9,2018
2095,PAULATUK,156,1,2015
2096,SMITHERS,991,3,2004
2097,SANIKILUAQ,172,1,2007
2098,RED SUCKER LAKE,994,1,2008
2099,VICTORIA,17730,29,2018
2100,AUPALUK,707,3,2007
2101,IQALUIT,4487,20,2011
2102,CARTWRIGHT,289,3,2006
2103,INUKJUAK,985,3,2007
2104,FORT MCPHERSON,524,1,2008
2105,SCHEFFERVILLE,887,4,2007
2106,LLOYDMINSTER,342,1,2017
2107,LA GRANDE,943,4,2007
2108,NAIN,489,3,2007
2109,FORT NELSON,914,4,2014
2110,GILLIES BAY,991,1,2009
2111,KANGIQSUALUJJUAQ,551,2,2007
2112,AKULIVIK,759,2,2007
2113,FORT ALBANY,711,2,2018
2114,YORK LANDING,92,1,2006
2115,NORTH BAY,2429,4,2011
2116,VANCOUVER INTL,110462,193,2004
2117,CHARLOTTETOWN,3136,10,2007
2118,THE PAS,1568,4,2003
2119,VICTORIA,15915,15,2007
2120,SALLUIT,794,6,2003
2121,WINNIPEG JAMES ARMSTRONG RICHARDSON  INTL,37417,74,2007
2122,TASIUJUAQ,717,2,2007
2123,SCHEFFERVILLE,1347,5,2014
2124,KAPUSKASING,142,1,2017
2125,VAL D'OR,1605,4,2005
2126,YORK LANDING,34,1,2015
2127,FORT FRANKLIN,838,2,2004
2128,DAWSON CITY,624,3,2005
2129,NANAIMO ARPT,2197,1,2008
2130,FORT MCMURRAY,5221,11,2007
2131,FORT MCPHERSON,468,1,2017
2132,DEER LAKE,5740,14,2007
2133,CALGARY INTL,76518,137,2007
2134,"ROUND LAKE, OT",104,1,2006
2135,COPPERMINE,1365,5,2009
2136,GRISE FIORD,104,1,2012
2137,FORT SMITH,877,3,2006
2138,KELOWNA,10338,19,2012
2139,SOUTH INDIAN LAKE,574,2,2007
2140,GERALDTON,53,2,2014
2141,NORMAN WELLS,1829,8,2012
2142,BELLA BELLA,794,2,2006
2143,KUGAARUK,731,8,2003
2144,BAIE COMEAU,1215,8,2017
2145,MAKKOVIK,356,2,2003
2146,KENORA,1252,3,2013
2147,WEBEQUIE,927,4,2011
2148,DEER LAKE,6031,13,2005
2149,HIGH LEVEL,858,4,2007
2150,RANKIN INLET,2805,11,2016
2151,KENORA,1560,4,2008
2152,GODS RIVER,327,4,2006
2153,ISLAND LAKE/GARDEN HILL,498,2,2006
2154,LONDON,5820,7,2005
2155,KUUJJUAQ,2006,12,2004
2156,EASTMAIN,618,2,2010
2157,KANGIRSUK,983,3,2010
2158,RED SUCKER LAKE,84,1,2009
2159,ROBERVAL,364,2,2012
2160,BAKER LAKE,1324,4,2012
2161,WEBEQUIE,625,1,2006
2162,CASTLEGAR,1338,2,2005
2163,SANDSPIT,416,1,2012
2164,BAIE COMEAU,1037,6,2009
2165,IGLOOLIK,521,5,2007
2166,LYTTON,564,1,2008
2167,CHEVERY,1752,10,2017
2168,SCHEFFERVILLE,414,8,2003
2169,SANDY LAKE,1562,10,2016
2170,MAKKOVIK,639,3,2006
2171,KUGAARUK,495,7,2018
2172,HAVRE ST-PIERRE,878,5,2006
2173,ISLAND LAKE/GARDEN HILL,159,3,2005
2174,MASSET,283,1,2008
2175,WASKAGANISH,1190,4,2011
2176,BUTTONVILLE,811,2,2004
2177,KITCHENER,1591,3,2010
2178,NANISIVIK,413,3,2006
2179,TERRACE,3963,10,2015
2180,ST ANTHONY,1427,7,2006
2181,GANDER INTL,3271,13,2018
2182,RAINBOW LAKE,302,2,2012
2183,FORT MCPHERSON,470,1,2018
2184,COMOX,5915,8,2009
2185,LAKE HARBOUR,308,2,2005
2186,MONT JOLI,2400,8,2013
2187,BERENS RIVER,144,1,2006
2188,GRANDE PRAIRIE,3082,6,2006
2189,SAULT STE-MARIE,4088,3,2007
2190,POWELL RIVER,1436,1,2014
2191,ILES DE LA MADELE,867,2,2003
2192,LESTER B. PEARSON,157985,334,2003
2193,SMITHERS,1015,2,2006
2194,HALIFAX,32724,83,2018
2195,FREDERICTON,4068,8,2005
2196,TERRACE,2106,5,2006
2197,FORT ST JOHN,2752,7,2006
2198,ROBERVAL,67,2,2010
2199,SOUTH INDIAN LAKE,334,2,2009
2200,EASTMAIN,374,2,2018
2201,BAKER LAKE,998,4,2010
2202,IQALUIT,3582,17,2007
2203,QUESNEL,664,1,2006
2204,PAULATUK,260,2,2005
2205,MUNICIPAL,87,1,2008
2206,ST ANTHONY,854,5,2013
2207,DEER LAKE,6148,13,2004
2208,CHIBOUGAMAU,755,3,2003
2209,HIGH LEVEL,1142,4,2006
2210,MONT TREMBLANT,169,5,2010
2211,CALGARY INTL,88624,146,2017
2212,CHURCHILL FALLS,464,2,2015
2213,LLOYDMINSTER,430,1,2006
2214,KAMLOOPS,3303,8,2006
2215,POVUNGNITUK,53715,112,2006
2216,FORT NORMAN,1929,4,2014
2217,GANDER INTL,228,7,2006
2218,ILES DE LA MADELE,610,2,2004
2219,MOOSONEE,1129,3,2009
2220,PANGNIRTUNG,1102,5,2015
2221,YELLOWKNIFE,8262,26,2006
2222,SASKATOON,11396,33,2011
2223,SOUTH INDIAN LAKE,518,3,2005
2224,NEMISCAU,523,2,2005
2225,LAKE HARBOUR,309,2,2006
2226,MAYO,106,4,2018
2227,RESOLUTE,539,5,2007
2228,YELLOWKNIFE,9006,28,2007
2229,WABUSH,2397,8,2009
2230,ILES DE LA MADELE,1330,5,2005
2231,INUVIK,3036,13,2007
2232,HAY RIVER,1398,4,2010
2233,CAPE DORSET,890,6,2009
2234,GANDER INTL,369,1,2007
2235,POVUNGNITUK,61422,122,2007
2236,CHARLO,282,2,2013
2237,KUGAARUK,569,4,2006
2238,MEDICINE HAT,1294,2,2011
2239,SALLUIT,747,4,2005
2240,PIKANGIKUM,1412,9,2008
2241,AKLAVIK,628,1,2004
2242,EASTMAIN,622,2,2006
2243,SMITHERS,1385,5,2003
2244,PEAWANUCK,103,1,2006
2245,SACHS HARBOUR,157,2,2018
2246,GASPE,1465,3,2016
2247,POND INLET,412,3,2003
2248,WEMINDJI,622,2,2006
2249,HIGH LEVEL,700,2,2005
2250,YARMOUTH,520,2,2012
2251,HAMILTON,6566,20,2006
2252,PANGNIRTUNG,1233,4,2013
2253,NORWAY HOUSE,100,1,2005
2254,POND INLET,523,6,2006
2255,CASTLEGAR,1343,2,2009
2256,KANGIKSUJUAQ,726,2,2011
2257,TIMMINS,3879,8,2018
2258,TOFINO,365,1,2006
2259,LONDON,6421,13,2009
2260,PIERRE ELLIOTT TRUDEAU INTL,82511,178,2007
2261,FREDERICTON,4549,11,2004
2262,CAPE DORSET,578,5,2017
2263,SEPT ILES,5014,12,2008
2264,LA GRANDE,851,4,2006
2265,KUUJJUARAPIK,1248,6,2010
2266,HAMILTON,3280,25,2016
2267,KANGIKSUJUAQ,620,3,2003
2268,REPULSE BAY,626,5,2006
2269,NORTH BAY,1988,5,2014
2270,PIERRE ELLIOTT TRUDEAU INTL,92492,251,2013
2271,VANCOUVER INTL,104655,168,2011
2272,INUKJUAK,981,3,2018
2273,AKLAVIK,524,1,2008
2274,RANKIN INLET,3551,16,2006
2275,PIERRE ELLIOTT TRUDEAU INTL,83510,200,2010
2276,PANGNIRTUNG,895,5,2017
2277,PIKANGIKUM,1060,6,2010
2278,HALIFAX,29822,83,2008
2279,CHIBOUGAMAU,768,3,2005
2280,FORT MCMURRAY,2267,5,2003
2281,BROCHET,81,3,2006
2282,PRINCE ALBERT,315,5,2017
2283,MEDICINE HAT,1313,1,2014
2284,WINNIPEG JAMES ARMSTRONG RICHARDSON  INTL,29056,74,2003
2285,MOOSONEE,1055,3,2015
2286,SARNIA,1061,1,2005
2287,LAC BROCHET,160,5,2006
2288,EDMONTON INTL,45071,88,2011
2289,WINNIPEG JAMES ARMSTRONG RICHARDSON  INTL,35874,75,2008
2290,GODS NARROWS,635,2,2003
2291,MEDICINE HAT,646,1,2005
2292,COPPERMINE,893,5,2007
2293,TALOYAK,569,4,2004
2294,PANGNIRTUNG,1234,4,2003
2295,BUTTONVILLE,1829,2,2003
2296,KAPUSKASING,859,1,2006
2297,AKULIVIK,742,2,2006
2298,FORT NELSON,406,2,2017
2299,PIERRE ELLIOTT TRUDEAU INTL,74955,162,2005
2300,COPPERMINE,722,4,2004
2301,FORT NELSON,302,2,2018
2302,WHITEHORSE,1782,10,2003
2303,AKULIVIK,831,2,2008
2304,SANDSPIT,432,1,2007
2305,IGLOOLIK,502,4,2005
2306,RANKIN INLET,4271,18,2011
2307,PRINCE GEORGE,4743,10,2006
2308,MARY'S HARBOUR,410,4,2003
2309,YELLOWKNIFE,9026,32,2011
2310,FORT MCPHERSON,303,1,2005
2311,SANIKILUAQ,180,1,2008
2312,PANGNIRTUNG,1238,4,2012
2313,ABBOTSFORD,2502,3,2009
2314,CHARLOTTETOWN,2091,9,2016
2315,PRINCE ALBERT,1728,2,2006
2316,ST JOHN,3509,5,2013
2317,GANDER INTL,2374,9,2003
2318,RESOLUTE,356,3,2012
2319,SAULT STE-MARIE,3920,3,2006
2320,MEDICINE HAT,1282,1,2008
2321,PORT HARDY,1483,2,2017
2322,HAY RIVER,1236,4,2004
2323,AKLAVIK,520,1,2006
2324,SALLUIT,871,4,2006
2325,ESKIMO POINT,894,4,2003
2326,WABUSH,2895,9,2006
2327,RIMOUSKI,316,2,2008
2328,THE PAS,1469,5,2008
2329,CHARLOTTETOWN,3269,8,2013
2330,OTTAWA INTL,32194,60,2006
2331,ROUYN,2081,6,2013
2332,TASIUJUAQ,676,2,2006
2333,ST JOHN'S,10993,33,2014
2334,AUPALUK,676,3,2006
2335,KANGIRSUK,996,4,2006
2336,PORT HARDY,1170,3,2004
2337,SEPT ILES,5375,15,2010
2338,LYTTON,120,2,2003
2339,BAGOTVILLE,1596,5,2010
2340,REGINA,11069,32,2010
2341,MAKKOVIK,601,2,2012
2342,MUNICIPAL,261,1,2004
2343,SIOUX LOOKOUT,5705,29,2007
2344,KUUJJUAQ,2931,14,2015
2345,KANGIQSUALUJJUAQ,523,2,2006
2346,RAINBOW LAKE,395,2,2007
2347,LESTER B. PEARSON,172065,330,2004
2348,LLOYDMINSTER,446,1,2010
2349,VICTORIA,15235,15,2006
2350,UMIUJAQ,797,3,2015
2351,STONY RAPIDS,2483,6,2003
2352,CAMBRIDGE BAY,1086,8,2004
2353,LANDSDOWNE HOUSE,1288,2,2005
2354,SACHIGO LAKE,448,7,2007
2355,WINNIPEG JAMES ARMSTRONG RICHARDSON  INTL,32374,72,2006
2356,NAKINA,1043,2,2009
2357,TIMMINS,5378,5,2012
2358,SUDBURY,8766,6,2006
2359,KELOWNA,10516,20,2006
2360,FORT FRANCES,1231,3,2009
2361,FREDERICTON,4060,5,2013
2362,EDMONTON INTL,41481,74,2006
2363,SCHEFFERVILLE,889,4,2008
2364,RANKIN INLET,4059,17,2007
2365,WINDSOR,3548,8,2014
2366,SARNIA,1468,3,2003
2367,WOLLASTON LAKE,500,2,2006
2368,NANAIMO ARPT,2548,3,2005
2369,FOND DU LAC,799,2,2006
2370,FLIN FLON,1411,5,2012
2371,NATASHQUAN,791,4,2004
2372,BUFFALO NARROWS,52,2,2006
2373,LA RONGE,1968,6,2006
2374,PAULATUK,263,2,2008
2375,CORAL HARBOUR,860,7,2003
2376,FORT SIMPSON,774,3,2005
2377,DEASE LAKE,40,1,2016
2378,TASIUJUAQ,831,2,2013
2379,STONY RAPIDS,1172,2,2006
2380,SAULT STE-MARIE,4219,3,2008
2381,RED LAKE,3842,10,2010
2382,THUNDER BAY,9999,22,2014
2383,WASKAGANISH,1390,5,2003
2384,FORT MCMURRAY,4784,12,2006
2385,LANDSDOWNE HOUSE,525,3,2015
2386,TADOULE LAKE,107,4,2006
2387,ST JOHN,3566,5,2006
2388,CALGARY INTL,71748,130,2006
2389,GJOA HAVEN,1138,8,2009
2390,BIG TROUT LAKE,1527,9,2008
2391,"ROUND LAKE, OT",104,1,2005
2392,CAPE DORSET,571,3,2004
2393,BROCHET,59,2,2015
2394,DEER LAKE,156,1,2005
2395,FORT GOOD HOPE,800,5,2005
2396,KASABONIKA,303,3,2005
2397,LETHBRIDGE,1973,1,2004
2398,BAGOTVILLE,1679,6,2012
2399,MONT TREMBLANT,81,1,2005
2400,CARTWRIGHT,10,2,2017
2401,YORK LANDING,59,1,2005
2402,REPULSE BAY,965,9,2003
2403,RAINBOW LAKE,305,2,2008
2404,PICKLE LAKE,476,3,2014
2405,CHURCHILL FALLS,159,2,2005
2406,GANDER INTL,2140,5,2004
2407,FORT NELSON,342,1,2003
2408,VANCOUVER INTL,119707,241,2016
2409,POWELL RIVER,1412,1,2005
2410,TALOYAK,568,4,2006
2411,QUAQTAQ,724,2,2013
2412,NORMAN WELLS,2221,7,2010
2413,BIG TROUT LAKE,1154,6,2010
2414,FORT GOOD HOPE,598,3,2003
2415,KASABONIKA,1358,7,2003
2416,POND INLET,527,6,2007
2417,OLD CROW,240,3,2009
2418,FORT FRANKLIN,832,2,2005
2419,FREDERICTON,3650,5,2006
2420,SACHS HARBOUR,116,1,2006
2421,WEBEQUIE,663,2,2005
2422,IQALUIT,3695,17,2006
2423,FORT HOPE,1785,3,2005
2424,KITCHENER,1005,1,2005
2425,DAUPHIN,261,1,2007
2426,CASTLEGAR,1253,2,2007
2427,LANDSDOWNE HOUSE,1250,2,2006
2428,HAVRE ST-PIERRE,918,5,2005
2429,SIOUX LOOKOUT,7257,32,2016
2430,BATHURST,626,1,2007
2431,ST ANTHONY,1925,9,2005
2432,GODS RIVER,635,2,2003
2433,GILLIES BAY,988,1,2005
2434,THUNDER BAY,10552,21,2013
2435,WINDSOR,2442,2,2005
2436,HALL BEACH,313,3,2007
2437,MASSET,235,2,2005
2438,LETHBRIDGE,1758,2,2008
2439,ABBOTSFORD,2042,6,2005
2440,CASTLEGAR,1378,2,2015
2441,KUUJJUARAPIK,1370,7,2007
2442,TERRACE,2130,5,2005
2443,DAWSON CITY,662,4,2012
2444,RED LAKE,2015,4,2005
2445,PRINCE GEORGE,5338,13,2005
2446,CAT LAKE,283,2,2007
2447,MAKKOVIK,1244,4,2016
2448,HOLMAN,313,3,2015
2449,HAVRE ST-PIERRE,146,2,2010
2450,ROBERVAL,475,2,2003
2451,CRANBROOK,2141,3,2005
2452,NORTH BAY,2454,4,2007
2453,DAUPHIN,1260,2,2004
2454,GANDER INTL,884,5,2014
2455,QUESNEL,714,2,2005
2456,NORTH BAY,2339,3,2010
2457,CHARLOTTETOWN,2597,8,2003
2458,GRANDE PRAIRIE,2361,7,2005
2459,PIKANGIKUM,1097,5,2012
2460,ST JOHN,3648,5,2017
2461,GOOSE BAY,4565,14,2006
2462,WILLIAMS LAKE,1810,4,2004
2463,TIMMINS,4175,7,2017
2464,GJOA HAVEN,1032,6,2004
2465,PEAWANUCK,104,1,2005
2466,HALL BEACH,207,2,2004
2467,SANDY LAKE,156,1,2005
2468,LONDON,6105,12,2003
2469,PEACE RIVER,100,2,2005
2470,LLOYDMINSTER,463,2,2005
2471,KASABONIKA,766,9,2004
2472,FORT GOOD HOPE,628,3,2004
2473,KAMLOOPS,3149,8,2005
2474,FOND DU LAC,1471,5,2003
2475,KANGIKSUJUAQ,730,2,2016
2476,MONCTON,5716,23,2015
2477,HALL BEACH,296,2,2005
2478,LA GRANDE,886,4,2008
2479,NANISIVIK,116,2,2005
2480,HOLMAN,259,2,2006
2481,CHARLOTTETOWN,3750,7,2010
2482,LESTER B. PEARSON,192086,354,2008
2483,FORT NORMAN,1309,2,2008
2484,NAKINA,1044,2,2007
2485,MONT JOLI,1292,4,2016
2486,GJOA HAVEN,1010,6,2005
2487,QUESNEL,841,2,2004
2488,COPPERMINE,716,4,2005
2489,SARNIA,1273,3,2009
2490,FORT HOPE,340,4,2017
2491,LAC BROCHET,353,2,2004
2492,DRYDEN,1966,4,2008
2493,WHALE COVE,825,7,2003
2494,CAMBRIDGE BAY,1056,9,2005
2495,CLYDE RIVER,1135,6,2012
2496,KINGSTON,1728,2,2006
2497,KUGAARUK,599,5,2005
2498,EASTMAIN,621,2,2007
2499,GASPE,1450,2,2008
2500,KANGIRSUK,687,6,2003
2501,MUSKRAT DAM,781,3,2011
2502,"ROUND LAKE, OT",1144,5,2003
2503,NANISIVIK,35,3,2011
2504,LAC BROCHET,186,4,2005
2505,GANDER INTL,861,6,2011
2506,FORT ALBANY,650,2,2005
2507,INUVIK,2819,13,2014
2508,INUKJUAK,820,7,2004
2509,MONCTON,6792,25,2005
2510,SHAMATTAWA,237,2,2005
2511,KANGIKSUJUAQ,726,2,2005
2512,KENORA,1521,3,2012
2513,BIG TROUT LAKE,199,2,2005
2514,SANDSPIT,454,2,2005
2515,ST JOHN'S,10244,32,2013
2516,CORAL HARBOUR,624,4,2005
2517,LYNN LAKE,261,3,2005
2518,TERRACE,2491,7,2008
2519,GODS NARROWS,450,4,2006
2520,SASKATOON,11174,36,2012
2521,ST JOHN'S,10204,32,2012
2522,SANDSPIT,652,4,2004
2523,NEMISCAU,689,5,2003
2524,PORT HARDY,1209,2,2005
2525,CHESTERFIELD INLE,504,3,2005
2526,THOMPSON,3162,20,2005
2527,CORAL HARBOUR,952,6,2012
2528,MONT JOLI,1221,4,2005
2529,COMOX,3699,6,2003
2530,SWAN RIVER,632,1,2004
2531,SIOUX LOOKOUT,7810,19,2010
2532,ST JOHN,3646,4,2011
2533,TADOULE LAKE,608,2,2016
2534,ESKIMO POINT,782,3,2005
2535,QUAQTAQ,730,2,2006
2536,BROCHET,168,4,2005
2537,FORT FRANCES,1071,4,2015
2538,FORT ST JOHN,2898,7,2007
2539,RESOLUTE,412,4,2004
2540,PENTICTON,1438,3,2006
2541,TADOULE LAKE,324,3,2005
2542,BIG TROUT LAKE,104,1,2006
2543,URANIUM CITY,157,1,2004
2544,KANGIKSUJUAQ,730,2,2006
2545,BATHURST,524,3,2005
2546,HAMILTON,2878,16,2011
2547,NANAIMO ARPT,2565,3,2004
2548,SAULT STE-MARIE,3508,3,2005
2549,SARNIA,1070,2,2007
2550,MAKKOVIK,1089,4,2015
2551,THE PAS,1575,4,2005
2552,LANDSDOWNE HOUSE,1876,6,2003
2553,FLIN FLON,1533,5,2005
2554,CLYDE RIVER,430,2,2004
2555,CAT LAKE,1121,4,2003
2556,CHARLOTTETOWN,3537,11,2008
2557,SIOUX LOOKOUT,4924,37,2004
2558,LETHBRIDGE,959,1,2005
2559,MEDICINE HAT,1299,1,2004
2560,COPPERMINE,624,4,2006
2561,BAIE COMEAU,2513,7,2005
2562,OLD CROW,312,3,2005
2563,WHITEHORSE,2493,12,2017
2564,CORAL HARBOUR,778,4,2013
2565,SWAN RIVER,585,1,2005
2566,WHALE COVE,887,3,2007
2567,FORT ALBANY,1215,2,2003
2568,WINDSOR,2162,1,2009
2569,COLD LAKE,52,1,2011
2570,KELOWNA,10668,17,2007
2571,SCHEFFERVILLE,1007,4,2011
2572,SACHS HARBOUR,113,1,2003
2573,CHIBOUGAMAU,771,3,2006
2574,LA RONGE,2168,8,2005
2575,GILLAM,305,2,2004
2576,BROUGHTON ISLAND,573,3,2006
2577,CAT LAKE,378,5,2004
2578,HOLMAN,257,2,2005
2579,CAMPBELL RIVER,3908,6,2014
2580,AKLAVIK,545,1,2005
2581,KITCHENER,1019,1,2006
2582,ISLAND LAKE/GARDEN HILL,648,3,2003
2583,KUUJJUAQ,2172,8,2005
2584,REPULSE BAY,290,4,2009
2585,ROBERVAL,510,2,2006
2586,BAKER LAKE,912,3,2006
2587,MAKKOVIK,314,2,2004
2588,PAULATUK,248,2,2007
2589,FORT HOPE,1036,5,2011
2590,VAL D'OR,2436,7,2004
2591,PIERRE ELLIOTT TRUDEAU INTL,75136,168,2006
2592,LA GRANDE,804,5,2003
2593,ISLAND LAKE/GARDEN HILL,168,2,2009
2594,SCHEFFERVILLE,733,5,2005
2595,KANGIRSUK,965,3,2005
2596,MIRABEL,1598,9,2006
2597,FORT FRANKLIN,832,2,2003
2598,KUUJJUARAPIK,1248,8,2005
2599,BROUGHTON ISLAND,565,2,2003
2600,KITCHENER,1045,7,2015
2601,LA GRANDE,796,6,2005
2602,CHEVERY,1644,5,2015
2603,KANGIQSUALUJJUAQ,522,2,2005
2604,LONDON,5272,18,2017
2605,AKULIVIK,739,4,2005
2606,PRINCE GEORGE,4332,9,2011
2607,NAIN,642,4,2006
2608,WHITEHORSE,1931,9,2005
2609,BIG TROUT LAKE,1855,10,2003
2610,THUNDER BAY,9471,14,2005
2611,LESTER B. PEARSON,175049,346,2005
2612,SANIKILUAQ,187,2,2006
2613,RAINBOW LAKE,322,3,2003
2614,JEAN LESAGE INTL,15772,28,2005
2615,TASIUJUAQ,763,2,2005
2616,MUNICIPAL,260,1,2005
2617,MAKKOVIK,610,2,2013
2618,FORT ST JOHN,2693,5,2010
2619,TERRACE,3165,6,2013
2620,EDMONTON INTL,36151,72,2005
2621,ESKIMO POINT,1057,4,2011
2622,COMOX,5060,6,2004
2623,WASKAGANISH,1328,6,2013
2624,NORMAN WELLS,2220,7,2005
2625,TERRACE,2012,4,2004
2626,KUUJJUARAPIK,1295,7,2006
2627,KANGIKSUJUAQ,726,2,2018
2628,FOND DU LAC,863,4,2005
2629,FORT FRANKLIN,835,2,2009
2630,HAMILTON,8950,24,2003
2631,KENORA,1646,3,2011
2632,LESTER B. PEARSON,179269,326,2006
2633,STONY RAPIDS,1442,7,2005
2634,POINTS NORTH LAND,338,2,2005
2635,BIG TROUT LAKE,932,9,2007
2636,KANGIKSUJUAQ,726,2,2007
2637,URANIUM CITY,128,3,2005
2638,YELLOWKNIFE,8258,23,2003
2639,CALGARY INTL,82090,135,2008
2640,YORK LANDING,366,1,2004
2641,NORTH BAY,2556,3,2009
2642,CHARLOTTETOWN,2620,10,2005
2643,SHAMATTAWA,804,4,2007
2644,PANGNIRTUNG,814,3,2016
2645,FORT SEVERN,365,2,2018
2646,FREDERICTON,4013,7,2008
2647,SACHS HARBOUR,104,1,2008
2648,WASKAGANISH,1291,5,2006
2649,KINGSTON,2222,6,2003
2650,OXFORD HOUSE,1586,6,2007
2651,MONT JOLI,611,2,2007
2652,SWAN RIVER,143,1,2006
2653,CRANBROOK,2623,5,2008
2654,GASPE,1460,2,2009
2655,FORT MCPHERSON,93,1,2006
2656,THOMPSON,5290,17,2003
2657,CHESTERFIELD INLE,1033,8,2003
2658,OLD CROW,367,3,2018
2659,PEACE RIVER,624,3,2004
2660,CHARLO,138,1,2003
2661,GASPE,2421,5,2005
2662,POND INLET,675,7,2013
2663,WILLIAMS LAKE,1353,2,2018
2664,GJOA HAVEN,959,10,2007
2665,SYDNEY,2092,8,2005
2666,QUESNEL,853,2,2007
2667,CAPE DORSET,576,4,2006
2668,DAWSON CREEK,706,5,2005
2669,SCHEFFERVILLE,1090,4,2017
2670,HALIFAX,26444,70,2005
2671,LONDON,7016,13,2010
2672,ABBOTSFORD,2575,3,2008
2673,ROBERVAL,498,2,2005
2674,BAKER LAKE,657,3,2005
2675,VANCOUVER INTL,111838,193,2005
2676,FORT CHIPEWYAN,80,2,2010
2677,NORWAY HOUSE,442,1,2004
2678,FREDERICTON,3438,5,2015
2679,BROCHET,353,2,2004
2680,NANAIMO ARPT,3688,5,2015
2681,REGINA,7981,17,2005
2682,BAGOTVILLE,1029,1,2005
2683,CHURCHILL FALLS,157,1,2004
2684,BELLA BELLA,762,2,2004
2685,FORT ALBANY,622,2,2006
2686,BELLA COOLA,448,2,2003
2687,SASKATOON,9617,21,2006
2688,ROUYN,1452,5,2006
2689,MUNICIPAL,230,2,2003
2690,ST JOHN'S,9116,27,2005
2691,LONDON,5569,11,2011
2692,ROUYN,2161,5,2003
2693,CHEVERY,2080,10,2003
2694,QUAQTAQ,724,2,2010
2695,MONCTON,6369,16,2008
2696,SIOUX LOOKOUT,7012,26,2014
2697,ATTAWAPISKAT,486,2,2004
2698,HOPEDALE,468,2,2005
2699,SANDSPIT,460,1,2017
2700,GILLAM,626,2,2013
2701,ILES DE LA MADELE,951,6,2006
2702,REGINA,8347,23,2003
2703,PICKLE LAKE,360,2,2015
2704,PORT MENIER,378,2,2018
2705,DRYDEN,1902,5,2006
2706,NATASHQUAN,780,3,2016
2707,GILLAM,627,2,2016
2708,FORT ALBANY,620,2,2015
2709,GOOSE BAY,3507,13,2009
2710,DAWSON CITY,608,3,2008
2711,GRISE FIORD,103,1,2004
2712,RED LAKE,2933,10,2018
2713,SIOUX LOOKOUT,8292,32,2008
2714,CHEVERY,1648,5,2004
2715,CAT LAKE,576,2,2008
2716,PORT HARDY,1314,2,2007
2717,THUNDER BAY,9692,22,2015
2718,FORT MCPHERSON,628,1,2004
2719,ROUYN,2111,4,2004
2720,VICTORIA,15517,15,2009
2721,SALLUIT,763,4,2013
2722,WINDSOR,2283,1,2006
2723,EASTMAIN,624,2,2005
2724,SCHEFFERVILLE,1261,5,2013
2725,THUNDER BAY,11444,23,2012
2726,FORT SIMPSON,779,3,2007
2727,WINDSOR,2589,2,2004
2728,CHURCHILL FALLS,155,1,2009
2729,BIG TROUT LAKE,1149,6,2012
2730,HOPEDALE,356,2,2003
2731,VANCOUVER INTL,102739,175,2003
2732,GRANDE PRAIRIE,3460,5,2008
2733,BERENS RIVER,576,1,2008
2734,CASTLEGAR,1350,2,2004
2735,LANDSDOWNE HOUSE,731,5,2013
2736,CAMBRIDGE BAY,1201,8,2012
2737,GILLIES BAY,1293,1,2007
2738,WEBEQUIE,1129,11,2004
2739,ROUYN,1537,6,2016
2740,FORT FRANKLIN,1253,4,2014
2741,REPULSE BAY,675,5,2005
2742,RESOLUTE,418,5,2003
2743,CAMPBELL RIVER,3949,5,2016
2744,PENTICTON,1535,2,2015
2745,WASKAGANISH,1268,5,2012
2746,RANKIN INLET,3568,16,2005
2747,OLD CROW,225,2,2015
2748,ABBOTSFORD,2610,10,2004
2749,TUKTOYAKTUK,719,2,2005
2750,NANISIVIK,102,2,2003
2751,ST JOHN'S,8368,18,2009
2752,MUSKRAT DAM,864,6,2008
2753,FORT ST JOHN,3198,9,2005
2754,KENORA,1009,3,2018
2755,MARY'S HARBOUR,314,2,2008
2756,ALMA,451,3,2012
2757,UMIUJAQ,524,4,2004
2758,OLD CROW,313,3,2006
2759,VAL D'OR,1667,5,2006
2760,ST JOHN'S,8840,23,2006
2761,OXFORD HOUSE,1666,6,2008
2762,GODS NARROWS,628,2,2004
2763,ABBOTSFORD,3969,10,2018
2764,KANGIQSUALUJJUAQ,417,1,2003
2765,CHARLOTTETOWN,3362,5,2018
2766,TADOULE LAKE,212,2,2003
2767,KELOWNA,13145,38,2016
2768,THUNDER BAY,9710,18,2003
2769,IVUJIVIK,724,2,2013
2770,GILLIES BAY,989,1,2004
2771,CHARLOTTETOWN,2287,8,2015
2772,WOLLASTON LAKE,32,4,2018
2773,LAKE HARBOUR,206,2,2004
2774,CAPE DORSET,859,5,2012
2775,SEPT ILES,5748,15,2011
2776,RESOLUTE,406,4,2005
2777,WHITEHORSE,2067,13,2016
2778,ATTAWAPISKAT,414,2,2006
2779,HALIFAX,29121,81,2007
2780,FORT SIMPSON,778,3,2004
2781,WHITEHORSE,2859,14,2018
2782,PUKATAWAGAN,157,1,2004
2783,UMIUJAQ,437,3,2006
2784,NEMISCAU,373,2,2017
2785,TERRACE,2307,6,2010
2786,FORT SMITH,879,3,2009
2787,FORT RESOLUTION,10,1,2015
2788,BELLA BELLA,795,2,2008
2789,SARNIA,1293,1,2011
2790,WEMINDJI,624,2,2004
2791,LA RONGE,3248,8,2003
2792,SOUTH INDIAN LAKE,420,3,2006
2793,SANIKILUAQ,467,3,2017
2794,BROUGHTON ISLAND,841,4,2009
2795,SASKATOON,8614,17,2004
2796,SASKATOON,11436,37,2018
2797,WASKAGANISH,1454,5,2004
2798,WEBEQUIE,1254,6,2003
2799,CORAL HARBOUR,613,4,2007
2800,RED LAKE,3168,8,2003
2801,NANISIVIK,457,3,2009
2802,PRINCE GEORGE,5010,14,2003
2803,THE PAS,621,2,2018
2804,OXFORD HOUSE,128,2,2009
2805,DEER LAKE,614,8,2016
2806,FORT HOPE,439,5,2016
2807,NAKINA,86,2,2011
2808,LYTTON,779,1,2007
2809,SAULT STE-MARIE,3588,3,2004
2810,BAIE COMEAU,1320,5,2006
2811,PIERRE ELLIOTT TRUDEAU INTL,92107,275,2014
2812,MONCTON,5986,25,2003
2813,RAINBOW LAKE,300,2,2009
2814,NATASHQUAN,1005,8,2003
2815,INUKJUAK,986,3,2011
2816,WASKAGANISH,1303,5,2005
2817,HALL BEACH,573,6,2010
2818,FORT NELSON,750,4,2004
2819,KANGIRSUK,1020,3,2011
2820,RED SUCKER LAKE,517,6,2018
2821,KUUJJUARAPIK,1401,6,2016
2822,RANKIN INLET,3491,15,2004
2823,DEER LAKE,626,4,2015
2824,NEMISCAU,676,2,2004
2825,UMIUJAQ,732,3,2012
2826,LETHBRIDGE,1726,2,2010
2827,LAKE HARBOUR,206,1,2008
2828,LLOYDMINSTER,434,1,2007
2829,ESKIMO POINT,929,3,2004
2830,ROBERVAL,479,2,2004
2831,HAVRE ST-PIERRE,571,3,2018
2832,PANGNIRTUNG,1238,4,2005
2833,GODS NARROWS,100,2,2005
2834,IVUJIVIK,768,6,2004
2835,HALIFAX,33117,88,2017
2836,TADOULE LAKE,427,2,2004
2837,PRINCE GEORGE,6637,20,2018
2838,TUKTOYAKTUK,678,2,2003
2839,KAPUSKASING,1173,1,2004
2840,KELOWNA,9310,16,2004
2841,SUDBURY,6875,7,2004
2842,TADOULE LAKE,626,4,2018
2843,RED LAKE,2594,8,2004
2844,FORT FRANKLIN,838,2,2008
2845,POWELL RIVER,1437,2,2003
2846,IVUJIVIK,738,2,2007
2847,LANDSDOWNE HOUSE,1691,6,2004
2848,PAULATUK,156,1,2012
2849,LLOYDMINSTER,441,1,2009
2850,FORT HOPE,2267,8,2004
2851,STEPHENVILLE,681,6,2005
2852,GASPE,1216,2,2004
2853,MONCTON,6546,23,2004
2854,SHAMATTAWA,471,2,2004
2855,GASPE,1770,5,2006
2856,AKULIVIK,726,2,2017
2857,DAWSON CREEK,609,3,2011
2858,SYDNEY,2235,4,2006
2859,EDMONTON INTL,44746,85,2010
2860,BATHURST,697,1,2013
2861,FOND DU LAC,1405,4,2004
2862,NAIN,579,3,2008
2863,FORT MCMURRAY,6102,9,2010
2864,MUSKRAT DAM,709,5,2014
2865,YELLOWKNIFE,8205,23,2004
2866,PENTICTON,1049,1,2010
2867,STEPHENVILLE,1173,9,2003
2868,FREDERICTON,3872,11,2003
2869,JEAN LESAGE INTL,18690,57,2012
2870,DAUPHIN,262,1,2008
2871,OLD CROW,314,3,2004
2872,TIMMINS,3638,5,2003
2873,CORAL HARBOUR,637,5,2004
2874,KANGIKSUJUAQ,635,4,2004
2875,KANGIQSUALUJJUAQ,467,2,2004
2876,KENORA,1187,4,2003
2877,QUESNEL,949,2,2013
2878,GODS RIVER,1089,10,2018
2879,CORAL HARBOUR,626,5,2006
2880,KENORA,1577,3,2010
2881,HIGH LEVEL,554,2,2011
2882,DEER LAKE,4866,13,2009
2883,CORNWALL,79,1,2009
2884,UMIUJAQ,568,2,2008
2885,ISLAND LAKE/GARDEN HILL,995,3,2004
2886,AUPALUK,846,6,2004
2887,POINTS NORTH LAND,98,4,2011
2888,SEPT ILES,3658,14,2003
2889,PEAWANUCK,104,1,2016
2890,STEPHENVILLE,314,2,2007
2891,UMIUJAQ,519,4,2003
2892,WHITEHORSE,1643,10,2004
2893,RED SUCKER LAKE,249,1,2006
2894,PENTICTON,1153,3,2009
2895,MONT TREMBLANT,189,4,2016
2896,JEAN LESAGE INTL,11378,24,2004
2897,TALOYAK,734,10,2003
2898,NANAIMO ARPT,2305,2,2009
2899,STONY RAPIDS,2317,5,2004
2900,BELLA BELLA,948,2,2005
2901,PAULATUK,261,2,2003
2902,PRINCE ALBERT,3378,4,2004
2903,CHURCHILL FALLS,156,1,2003
2904,BAIE COMEAU,1594,7,2008
2905,NORMAN WELLS,2402,9,2015
2906,GRANDE PRAIRIE,3566,4,2010
2907,GANDER INTL,523,6,2005
2908,POVUNGNITUK,53115,112,2005
2909,LESTER B. PEARSON,200577,473,2014
2910,AKULIVIK,913,5,2004
2911,ST JOHN'S,8732,19,2007
2912,YELLOWKNIFE,9775,30,2009
2913,WEBEQUIE,554,7,2017
2914,NORMAN WELLS,1981,5,2004
2915,SARNIA,1295,1,2004
2916,PAULATUK,260,2,2006
2917,CLYDE RIVER,837,5,2010
2918,DAWSON CREEK,946,4,2004
2919,HALIFAX,27421,76,2004
2920,DRYDEN,1875,6,2004
2921,NORMAN WELLS,2157,8,2006
2922,CASTLEGAR,1348,2,2003
2923,THE PAS,1555,4,2004
2924,MEDICINE HAT,1484,1,2015
2925,SARNIA,1053,2,2006
2926,HAY RIVER,1434,4,2015
2927,BELLA COOLA,391,2,2014
2928,BROUGHTON ISLAND,571,2,2004
2929,ST JOHN,4007,14,2003
2930,PRINCE GEORGE,6120,19,2016
2931,CAT LAKE,565,2,2009
2932,RAINBOW LAKE,403,2,2005
2933,BATHURST,677,1,2011
2934,ST ANTHONY,1318,6,2009
2935,HOPEDALE,576,2,2008
2936,PICKLE LAKE,563,5,2017
2937,PIKANGIKUM,1096,8,2004
2938,HOLMAN,259,3,2017
2939,SACHS HARBOUR,157,2,2015
2940,DAUPHIN,1148,2,2003
2941,MUSKRAT DAM,504,9,2004
2942,CAPE DORSET,570,3,2003
2943,TASIUJUAQ,614,4,2003
2944,WABUSH,2930,10,2008
2945,TALOYAK,547,5,2005
2946,SANDSPIT,388,1,2014
2947,SIOUX LOOKOUT,2713,8,2005
2948,SASKATOON,9200,20,2003
2949,LA GRANDE,790,6,2004
2950,ST ANTHONY,1890,8,2003
2951,CAMBRIDGE BAY,1158,8,2013
2952,COPPERMINE,1281,5,2011
2953,MEDICINE HAT,1301,1,2009
2954,SAULT STE-MARIE,3795,5,2003
2955,WOLLASTON LAKE,826,4,2003
2956,SEPT ILES,5472,15,2016
2957,FLIN FLON,1486,5,2004
2958,MAKKOVIK,468,2,2005
2959,PRINCE ALBERT,76,5,2018
2960,GRISE FIORD,102,1,2005
2961,ATTAWAPISKAT,448,3,2015
2962,SANDY LAKE,1101,7,2010
2963,PEAWANUCK,102,1,2010
2964,PIERRE ELLIOTT TRUDEAU INTL,67607,155,2003
2965,CHEVERY,1636,5,2011
2966,BATHURST,682,1,2018
2967,SEPT ILES,4906,16,2006
2968,FORT MCPHERSON,135,1,2003
2969,THUNDER BAY,10736,29,2016
2970,SWAN RIVER,574,1,2003
2971,OLD CROW,252,3,2010
2972,ISLAND LAKE/GARDEN HILL,126,2,2015
2973,CHARLO,335,2,2016
2974,KAMLOOPS,3548,8,2004
2975,JEAN LESAGE INTL,11614,23,2003
2976,FORT NORMAN,1300,2,2003
2977,STONY RAPIDS,94,5,2011
2978,TUKTOYAKTUK,680,2,2004
2979,QUAQTAQ,726,2,2005
2980,FORT HOPE,2450,7,2003
2981,MASSET,357,1,2012
2982,THUNDER BAY,11358,20,2010
2983,FORT SEVERN,336,2,2016
2984,NAIN,336,2,2003
2985,ABBOTSFORD,4200,11,2003
2986,MUSKRAT DAM,552,4,2017
2987,DEER LAKE,583,6,2004
2988,FORT SEVERN,313,2,2012
2989,INUKJUAK,982,3,2008
2990,DEER LAKE,5568,13,2006
2991,GILLIES BAY,1019,1,2003
2992,BATHURST,365,1,2006
2993,CAMPBELL RIVER,4607,7,2004
2994,HAMILTON,5658,27,2005
2995,ST JOHN'S,10794,30,2003
2996,EDMONTON INTL,34600,66,2004
2997,INUVIK,3787,15,2009
2998,DAWSON CITY,626,3,2003
2999,GRISE FIORD,103,1,2003
3000,CHEVERY,1886,8,2006
3001,WABUSH,1634,12,2003
3002,KELOWNA,11069,26,2013
3003,KANGIRSUK,982,3,2008
3004,VICTORIA,15170,16,2005
3005,ST JOHN,3487,6,2012
3006,HAY RIVER,845,3,2006
3007,PEACE RIVER,649,3,2003
3008,GOOSE BAY,4459,15,2005
3009,ST LEONARD,3,1,2003
3010,CLYDE RIVER,648,6,2015
3011,WINDSOR,2645,3,2003
3012,DRYDEN,1870,4,2010
3013,WHALE COVE,569,4,2015
3014,PORT HARDY,1220,3,2003
3015,AUPALUK,832,3,2015
3016,MONT JOLI,548,2,2004
3017,KELOWNA,15278,31,2017
3018,PIKANGIKUM,685,7,2007
3019,SEPT ILES,4047,10,2004
3020,WINNIPEG JAMES ARMSTRONG RICHARDSON  INTL,29444,72,2012
3021,GRISE FIORD,105,1,2009
3022,CRANBROOK,1983,4,2003
3023,TASIUJUAQ,830,2,2018
3024,FORT SEVERN,314,2,2008
3025,TALOYAK,609,7,2013
3026,HAMILTON,7289,26,2004
3027,TIMMINS,4318,4,2005
3028,QUAQTAQ,726,2,2007
3029,FORT FRANCES,1114,3,2017
3030,GRISE FIORD,104,1,2013
3031,FORT SMITH,913,3,2007
3032,TORONTO ISLAND,65579,138,2016
3033,RESOLUTE,564,5,2009
3034,BELLA BELLA,781,3,2017
3035,"ROUND LAKE, OT",588,7,2004
3036,KAMLOOPS,3779,9,2007
3037,THE PAS,959,5,2014
3038,YARMOUTH,3,1,2003
3039,THE PAS,835,3,2015
3040,DAWSON CREEK,1296,6,2003
3041,BELLA COOLA,442,2,2008
3042,GOOSE BAY,4133,18,2003
3043,THUNDER BAY,11861,19,2007
3044,VICTORIA,14032,16,2003
3045,FORT ALBANY,681,2,2017
3046,ROUYN,1678,6,2012
3047,BAGOTVILLE,1028,1,2004
3048,FORT CHIPEWYAN,328,2,2017
3049,QUAQTAQ,724,2,2009
3050,GASPE,1599,3,2003
3051,DAWSON CITY,711,3,2016
3052,SYDNEY,1879,7,2003
3053,TIMMINS,4752,6,2004
3054,MONT JOLI,1327,10,2017
3055,TALOYAK,612,6,2008
3056,HOLMAN,258,2,2003
3057,BONAVENTURE,1513,5,2014
3058,GRANDE PRAIRIE,2723,6,2003
3059,SOUTH INDIAN LAKE,680,3,2004
3060,POINTS NORTH LAND,304,2,2006
3061,SANIKILUAQ,306,2,2013
3062,PENTICTON,2562,3,2003
3063,RED SUCKER LAKE,94,4,2015
3064,CHARLOTTETOWN,3579,13,2009
3065,MOOSONEE,1014,3,2013
3066,HIGH LEVEL,1108,4,2016
3067,OXFORD HOUSE,382,3,2006
3068,HALIFAX,27372,92,2014
3069,RANKIN INLET,4024,16,2008
3070,THE PAS,1494,4,2006
3071,MEDICINE HAT,1297,1,2003
3072,GASPE,1460,2,2010
3073,DAWSON CREEK,613,5,2006
3074,HALIFAX,26214,73,2006
3075,INUKJUAK,670,5,2003
3076,GJOA HAVEN,872,8,2011
3077,DEER LAKE,5316,15,2003
3078,DAUPHIN,1157,2,2005
3079,CAPE DORSET,570,3,2005
3080,SALLUIT,789,4,2012
3081,EASTMAIN,624,2,2004
3082,HALIFAX,24916,60,2003
3083,HAMILTON,6510,30,2007
3084,MONT JOLI,721,4,2003
3085,LITTLE GRAND RAPIDS,261,2,2018
3086,NAKINA,1096,2,2003
3087,MARY'S HARBOUR,262,2,2007
3088,QUAQTAQ,732,2,2012
3089,BELLA COOLA,456,2,2004
3090,BIG TROUT LAKE,938,6,2017
3091,PUKATAWAGAN,196,1,2003
3092,IQALUIT,3140,17,2003
3093,SANIKILUAQ,236,3,2004
3094,CLYDE RIVER,412,2,2003
3095,VICTORIA,15803,23,2004
3096,WASKAGANISH,894,4,2018
3097,WILLIAMS LAKE,1490,3,2003
3098,POINTS NORTH LAND,505,5,2003
3099,KANGIKSUJUAQ,726,2,2017
3100,BELLA COOLA,436,2,2006
3101,HOLMAN,271,2,2007
3102,MIRABEL,2199,16,2005
3103,NORTH BAY,2040,4,2017
3104,LYNN LAKE,262,2,2003
3105,MONT TREMBLANT,38,1,2006
3106,PAULATUK,262,2,2004
3107,MUSKRAT DAM,104,1,2005
3108,FORT SEVERN,312,3,2014
3109,INUKJUAK,959,4,2010
3110,NORWAY HOUSE,444,2,2006
3111,REPULSE BAY,838,6,2004
3112,KAPUSKASING,1052,1,2005
3113,INUVIK,2332,11,2003
3114,STEPHENVILLE,476,4,2006
3115,KAPUSKASING,664,1,2003
3116,NANAIMO ARPT,3895,3,2003
3117,DAWSON CREEK,315,4,2016
3118,AUPALUK,831,3,2013
3119,WEMINDJI,618,2,2010
3120,INUVIK,3809,14,2011
3121,MIRABEL,3294,27,2003
3122,THE PAS,1523,4,2007
3123,RESOLUTE,582,5,2008
3124,WABUSH,2446,10,2004
3125,PICKLE LAKE,1013,5,2003
3126,YARMOUTH,876,2,2009
3127,NORTH BAY,2171,4,2005
3128,ATTAWAPISKAT,571,3,2017
3129,KUGAARUK,446,7,2015
3130,WHITEHORSE,2565,8,2011
3131,MARY'S HARBOUR,10,2,2017
3132,GILLAM,261,2,2003
3133,LLOYDMINSTER,556,2,2003
3134,FORT NELSON,855,2,2009
3135,NORTH BAY,2686,5,2003
3136,PEACE RIVER,35,1,2007
3137,SANIKILUAQ,209,4,2005
3138,DEER LAKE,4946,19,2016
3139,MUNICIPAL,261,1,2007
3140,MUSKRAT DAM,966,4,2013
3141,FORT NORMAN,1300,2,2006
3142,LLOYDMINSTER,557,2,2004
3143,MOOSONEE,1364,3,2003
3144,FORT ST JOHN,2786,5,2011
3145,HAY RIVER,1126,4,2003
3146,SACHIGO LAKE,411,7,2004
3147,CHURCHILL FALLS,567,3,2018
3148,LYTTON,122,1,2006
3149,AKLAVIK,503,1,2012
3150,GODS NARROWS,155,4,2009
3151,PANGNIRTUNG,1896,6,2009
3152,BELLA BELLA,1180,4,2014
3153,CAMPBELL RIVER,4327,7,2005
3154,WEMINDJI,720,2,2012
3155,GJOA HAVEN,1046,11,2003
3156,SANIKILUAQ,209,2,2003
3157,WINNIPEG JAMES ARMSTRONG RICHARDSON  INTL,31295,83,2004
3158,FORT MCPHERSON,470,1,2016
3159,CAMBRIDGE BAY,1394,13,2003
3160,CHURCHILL FALLS,565,4,2017
3161,MAKKOVIK,576,2,2008
3162,FORT NELSON,812,3,2006
3163,PICKLE LAKE,480,7,2007
3164,AUPALUK,741,3,2005
